-- --------------------------------------------------------
-- 호스트:                          127.0.0.1
-- 서버 버전:                        10.11.14-MariaDB - mariadb.org binary distribution
-- 서버 OS:                        Win64
-- HeidiSQL 버전:                  12.11.0.7065
-- --------------------------------------------------------
-- 프론트 코드 완전 일치 버전
-- 수정 사항:
-- 1. 사이즈: Regular/Large → 톨(Tall)/그란데(Grande)/벤티(Venti)
-- 2. 얼음량: 얼음 적게/보통/많이 → 적게/보통/많이
-- 3. 시럽 옵션: 전체 삭제 (option_group 8번, option_item 105-107번)
-- 4. 휘핑 크림: 11개 메뉴에 추가 (option_group 54-64, option_item 129-150)
-- 5. order_type: dine-in/takeout 추가
-- --------------------------------------------------------

/*!40101 SET @OLD_CHARACTER_SET_CLIENT=@@CHARACTER_SET_CLIENT */;
/*!40101 SET NAMES utf8 */;
/*!50503 SET NAMES utf8mb4 */;
/*!40103 SET @OLD_TIME_ZONE=@@TIME_ZONE */;
/*!40103 SET TIME_ZONE='+00:00' */;
/*!40014 SET @OLD_FOREIGN_KEY_CHECKS=@@FOREIGN_KEY_CHECKS, FOREIGN_KEY_CHECKS=0 */;
/*!40101 SET @OLD_SQL_MODE=@@SQL_MODE, SQL_MODE='NO_AUTO_VALUE_ON_ZERO' */;
/*!40111 SET @OLD_SQL_NOTES=@@SQL_NOTES, SQL_NOTES=0 */;


-- 테이블 nok_nok.category 구조 내보내기
CREATE TABLE IF NOT EXISTS `category` (
  `category_id` bigint(20) NOT NULL AUTO_INCREMENT,
  `name` varchar(50) NOT NULL COMMENT '커피/논커피/디저트',
  `display_order` int(11) NOT NULL COMMENT '정렬 순서 번호',
  PRIMARY KEY (`category_id`)
) ENGINE=InnoDB AUTO_INCREMENT=4 DEFAULT CHARSET=utf8mb4 COLLATE=utf8mb4_unicode_ci;

-- 테이블 데이터 nok_nok.category:~3 rows (대략적) 내보내기
INSERT INTO `category` (`category_id`, `name`, `display_order`) VALUES
	(1, '커피', 1),
	(2, '음료', 2),
	(3, '디저트', 3);

-- 테이블 nok_nok.store 구조 내보내기
CREATE TABLE IF NOT EXISTS `store` (
  `store_id` bigint(20) NOT NULL AUTO_INCREMENT,
  `name` varchar(50) NOT NULL COMMENT '지점명',
  `code` varchar(30) NOT NULL COMMENT 'GN01, HD01 지점 코드',
  `address` varchar(255) DEFAULT NULL COMMENT '매장주소',
  `is_active` tinyint(1) NOT NULL COMMENT '활성화 여부',
  `created_at` timestamp NOT NULL DEFAULT current_timestamp(),
  PRIMARY KEY (`store_id`),
  UNIQUE KEY `uk_store_code` (`code`)
) ENGINE=InnoDB AUTO_INCREMENT=6 DEFAULT CHARSET=utf8mb4 COLLATE=utf8mb4_unicode_ci;

-- 테이블 데이터 nok_nok.store:~5 rows (대략적) 내보내기
INSERT INTO `store` (`store_id`, `name`, `code`, `address`, `is_active`, `created_at`) VALUES
	(1, '강남 1호점', 'GN01', '서울시 강남구 테헤란로 123', 1, '2025-12-23 09:00:00'),
	(2, '홍대 1호점', 'HD01', '서울시 마포구 홍대입구로 45', 1, '2025-12-23 09:00:00'),
	(3, '신촌 1호점', 'SC01', '서울시 서대문구 신촌역로 89', 1, '2025-12-23 09:00:00'),
	(4, '잠실 1호점', 'JS01', '서울시 송파구 올림픽로 567', 1, '2025-12-23 09:00:00'),
	(5, '명동 1호점', 'MD01', '서울시 중구 명동길 234', 1, '2025-12-23 09:00:00');

-- 테이블 nok_nok.kiosk 구조 내보내기
CREATE TABLE IF NOT EXISTS `kiosk` (
  `kiosk_id` bigint(20) NOT NULL AUTO_INCREMENT,
  `store_id` bigint(20) NOT NULL,
  `kiosk_code` varchar(30) NOT NULL COMMENT 'GN01-K01 같은 코드(선택)',
  `password` varchar(255) NOT NULL,
  `location` varchar(50) DEFAULT NULL COMMENT '매장 내 위치(입구, 창가 등)',
  `is_active` tinyint(1) NOT NULL COMMENT '활성화 여부',
  `created_at` timestamp NOT NULL DEFAULT current_timestamp(),
  PRIMARY KEY (`kiosk_id`),
  KEY `store_id` (`store_id`),
  CONSTRAINT `kiosk_ibfk_1` FOREIGN KEY (`store_id`) REFERENCES `store` (`store_id`)
) ENGINE=InnoDB AUTO_INCREMENT=12 DEFAULT CHARSET=utf8mb4 COLLATE=utf8mb4_unicode_ci;

-- 테이블 데이터 nok_nok.kiosk:~11 rows (대략적) 내보내기
INSERT INTO `kiosk` (`kiosk_id`, `store_id`, `kiosk_code`, `password`, `location`, `is_active`, `created_at`) VALUES
	(1, 1, 'GN01-K01', 'pw1001', '입구', 1, '2025-12-23 09:00:00'),
	(2, 1, 'GN01-K02', 'pw1002', '창가', 1, '2025-12-23 09:00:00'),
	(3, 2, 'HD01-K01', 'pw2001', '입구', 1, '2025-12-23 09:00:00'),
	(4, 2, 'HD01-K02', 'pw2002', '내부', 1, '2025-12-23 09:00:00'),
	(5, 3, 'SC01-K01', 'pw3001', '입구', 1, '2025-12-23 09:00:00'),
	(6, 3, 'SC01-K02', 'pw3002', '2층', 1, '2025-12-23 09:00:00'),
	(7, 4, 'JS01-K01', 'pw4001', '입구', 1, '2025-12-23 09:00:00'),
	(8, 4, 'JS01-K02', 'pw4002', '푸드코트', 1, '2025-12-23 09:00:00'),
	(9, 4, 'JS01-K03', 'pw4003', '외부', 1, '2025-12-23 09:00:00'),
	(10, 5, 'MD01-K01', 'pw5001', '1층', 1, '2025-12-23 09:00:00'),
	(11, 5, 'MD01-K02', 'pw5002', '2층', 1, '2025-12-23 09:00:00');

-- 테이블 nok_nok.admin_user 구조 내보내기
CREATE TABLE IF NOT EXISTS `admin_user` (
  `admin_id` bigint(20) NOT NULL AUTO_INCREMENT,
  `store_id` bigint(20) NOT NULL,
  `username` varchar(50) NOT NULL,
  `password` varchar(255) NOT NULL COMMENT '암호화',
  `is_active` tinyint(1) NOT NULL COMMENT '지점에 따른 활성화 여부',
  `created_at` timestamp NOT NULL DEFAULT current_timestamp(),
  PRIMARY KEY (`admin_id`),
  UNIQUE KEY `uk_username` (`username`),
  KEY `store_id` (`store_id`),
  CONSTRAINT `admin_user_ibfk_1` FOREIGN KEY (`store_id`) REFERENCES `store` (`store_id`)
) ENGINE=InnoDB AUTO_INCREMENT=8 DEFAULT CHARSET=utf8mb4 COLLATE=utf8mb4_unicode_ci;

-- 테이블 데이터 nok_nok.admin_user:~7 rows (대략적) 내보내기
INSERT INTO `admin_user` (`admin_id`, `store_id`, `username`, `password`, `is_active`, `created_at`) VALUES
	(1, 1, 'gn_admin', 'admin1234', 1, '2025-12-23 09:00:00'),
	(2, 1, 'gn_manager', 'manager1234', 1, '2025-12-23 09:00:00'),
	(3, 2, 'hd_admin', 'admin1234', 1, '2025-12-23 09:00:00'),
	(4, 3, 'sc_admin', 'admin1234', 1, '2025-12-23 09:00:00'),
	(5, 4, 'js_admin', 'admin1234', 1, '2025-12-23 09:00:00'),
	(6, 4, 'js_manager', 'manager1234', 1, '2025-12-23 09:00:00'),
	(7, 5, 'md_admin', 'admin1234', 1, '2025-12-23 09:00:00');

-- 테이블 nok_nok.menu_item 구조 내보내기
CREATE TABLE IF NOT EXISTS `menu_item` (
  `menu_id` bigint(20) NOT NULL AUTO_INCREMENT,
  `category_id` bigint(20) NOT NULL,
  `name` varchar(50) NOT NULL COMMENT '메뉴 이름',
  `price` int(11) NOT NULL COMMENT '메뉴 가격',
  `is_active` tinyint(1) NOT NULL COMMENT '판매 여부',
  `image_url` varchar(255) DEFAULT NULL COMMENT '이미지 경로',
  PRIMARY KEY (`menu_id`),
  KEY `category_id` (`category_id`),
  CONSTRAINT `menu_item_ibfk_1` FOREIGN KEY (`category_id`) REFERENCES `category` (`category_id`)
) ENGINE=InnoDB AUTO_INCREMENT=31 DEFAULT CHARSET=utf8mb4 COLLATE=utf8mb4_unicode_ci;

-- 테이블 데이터 nok_nok.menu_item:~30 rows (대략적) 내보내기
INSERT INTO `menu_item` (`menu_id`, `category_id`, `name`, `price`, `is_active`, `image_url`) VALUES
	(1, 1, '아메리카노', 4000, 1, '/images/menu/americano.png'),
	(2, 1, '카페라떼', 4500, 1, '/images/menu/cafe_latte.png'),
	(3, 1, '카푸치노', 4500, 1, '/images/menu/cappuccino.png'),
	(4, 1, '카라멜 마키아또', 5000, 1, '/images/menu/caramel_macchiato.png'),
	(5, 1, '바닐라 라떼', 5000, 1, '/images/menu/vanilla_latte.png'),
	(6, 1, '카페모카', 5000, 1, '/images/menu/cafe_mocha.png'),
	(7, 1, '에스프레소', 3500, 1, '/images/menu/espresso.png'),
	(8, 1, '콜드브루', 4500, 1, '/images/menu/coldbrew.png'),
	(9, 1, '플랫화이트', 4800, 1, '/images/menu/flatwhite.png'),
	(10, 1, '아인슈페너', 5500, 1, '/images/menu/einspanner.png'),
	(11, 1, '헤이즐넛 라떼', 5200, 1, '/images/menu/hazelnut_latte.png'),
	(12, 1, '연유 라떼', 5200, 1, '/images/menu/condensed_milk_latte.png'),
	(13, 1, '디카페인 아메리카노', 4500, 1, '/images/menu/decaf_americano.png'),
	(14, 1, '디카페인 라떼', 5000, 1, '/images/menu/decaf_latte.png'),
	(15, 1, '더치커피', 5500, 1, '/images/menu/dutch_coffee.png'),
	(16, 2, '레몬에이드', 5000, 1, '/images/menu/lemon_ade.png'),
	(17, 2, '자몽에이드', 5200, 1, '/images/menu/grapefruit_ade.png'),
	(18, 2, '청포도에이드', 5200, 1, '/images/menu/green_grape_ade.png'),
	(19, 2, '딸기라떼', 5500, 1, '/images/menu/strawberry_latte.png'),
	(20, 2, '초코라떼', 5000, 1, '/images/menu/choco_latte.png'),
	(21, 2, '녹차라떼', 5000, 1, '/images/menu/green_tea_latte.png'),
	(22, 2, '흑당라떼', 5500, 1, '/images/menu/brown_sugar_latte.png'),
	(23, 2, '밀크티', 4800, 1, '/images/menu/milk_tea.png'),
	(24, 2, '유자차', 4500, 1, '/images/menu/citron_tea.png'),
	(25, 2, '페퍼민트', 4500, 1, '/images/menu/peppermint.png'),
	(26, 3, '치즈케이크', 5500, 1, '/images/menu/cheese_cake.png'),
	(27, 3, '티라미수', 6000, 1, '/images/menu/tiramisu.png'),
	(28, 3, '초코 브라우니', 4500, 1, '/images/menu/choco_brownie.png'),
	(29, 3, '마카롱 세트', 7000, 1, '/images/menu/macaron_set.png'),
	(30, 3, '쿠키 세트', 5000, 1, '/images/menu/cookie_set.png');

-- 테이블 nok_nok.option_group 구조 내보내기
CREATE TABLE IF NOT EXISTS `option_group` (
  `option_group_id` bigint(20) NOT NULL AUTO_INCREMENT,
  `menu_id` bigint(20) NOT NULL,
  `name` varchar(50) NOT NULL COMMENT '그룹 이름',
  `is_required` tinyint(1) NOT NULL COMMENT '필수/비필수',
  `selection_type` varchar(20) NOT NULL COMMENT '단수/복수 선택',
  PRIMARY KEY (`option_group_id`),
  KEY `menu_id` (`menu_id`),
  KEY `idx_option_group_menu` (`menu_id`),
  CONSTRAINT `option_group_ibfk_1` FOREIGN KEY (`menu_id`) REFERENCES `menu_item` (`menu_id`)
) ENGINE=InnoDB AUTO_INCREMENT=65 DEFAULT CHARSET=utf8mb4 COLLATE=utf8mb4_unicode_ci;

-- 테이블 데이터 nok_nok.option_group:~64 rows (대략적) 내보내기
INSERT INTO `option_group` (`option_group_id`, `menu_id`, `name`, `is_required`, `selection_type`) VALUES
	(1, 1, '온도', 1, 'SINGLE'),
	(2, 1, '사이즈', 1, 'SINGLE'),
	(3, 1, '얼음량', 0, 'SINGLE'),
	(4, 1, '샷 추가', 0, 'MULTI'),
	(5, 2, '온도', 1, 'SINGLE'),
	(6, 2, '사이즈', 1, 'SINGLE'),
	(7, 2, '샷 추가', 0, 'MULTI'),
	(9, 3, '온도', 1, 'SINGLE'),
	(10, 3, '사이즈', 1, 'SINGLE'),
	(11, 3, '샷 추가', 0, 'MULTI'),
	(12, 4, '온도', 1, 'SINGLE'),
	(13, 4, '사이즈', 1, 'SINGLE'),
	(14, 5, '온도', 1, 'SINGLE'),
	(15, 5, '사이즈', 1, 'SINGLE'),
	(16, 5, '샷 추가', 0, 'MULTI'),
	(17, 6, '온도', 1, 'SINGLE'),
	(18, 6, '사이즈', 1, 'SINGLE'),
	(19, 7, '샷 추가', 0, 'MULTI'),
	(20, 8, '사이즈', 1, 'SINGLE'),
	(21, 8, '얼음량', 0, 'SINGLE'),
	(22, 9, '온도', 1, 'SINGLE'),
	(23, 9, '사이즈', 1, 'SINGLE'),
	(24, 10, '사이즈', 1, 'SINGLE'),
	(25, 11, '온도', 1, 'SINGLE'),
	(26, 11, '사이즈', 1, 'SINGLE'),
	(27, 12, '온도', 1, 'SINGLE'),
	(28, 12, '사이즈', 1, 'SINGLE'),
	(29, 13, '온도', 1, 'SINGLE'),
	(30, 13, '사이즈', 1, 'SINGLE'),
	(31, 14, '온도', 1, 'SINGLE'),
	(32, 14, '사이즈', 1, 'SINGLE'),
	(33, 15, '사이즈', 1, 'SINGLE'),
	(34, 16, '사이즈', 1, 'SINGLE'),
	(35, 16, '얼음량', 0, 'SINGLE'),
	(36, 17, '사이즈', 1, 'SINGLE'),
	(37, 17, '얼음량', 0, 'SINGLE'),
	(38, 18, '사이즈', 1, 'SINGLE'),
	(39, 18, '얼음량', 0, 'SINGLE'),
	(40, 19, '온도', 1, 'SINGLE'),
	(41, 19, '사이즈', 1, 'SINGLE'),
	(42, 20, '온도', 1, 'SINGLE'),
	(43, 20, '사이즈', 1, 'SINGLE'),
	(44, 21, '온도', 1, 'SINGLE'),
	(45, 21, '사이즈', 1, 'SINGLE'),
	(46, 22, '온도', 1, 'SINGLE'),
	(47, 22, '사이즈', 1, 'SINGLE'),
	(48, 23, '온도', 1, 'SINGLE'),
	(49, 23, '사이즈', 1, 'SINGLE'),
	(50, 24, '온도', 1, 'SINGLE'),
	(51, 24, '사이즈', 1, 'SINGLE'),
	(52, 25, '온도', 1, 'SINGLE'),
	(53, 25, '사이즈', 1, 'SINGLE'),
	(54, 2, '휘핑 크림', 0, 'SINGLE'),
	(55, 3, '휘핑 크림', 0, 'SINGLE'),
	(56, 4, '휘핑 크림', 0, 'SINGLE'),
	(57, 5, '휘핑 크림', 0, 'SINGLE'),
	(58, 6, '휘핑 크림', 0, 'SINGLE'),
	(59, 10, '휘핑 크림', 0, 'SINGLE'),
	(60, 11, '휘핑 크림', 0, 'SINGLE'),
	(61, 14, '휘핑 크림', 0, 'SINGLE'),
	(62, 19, '휘핑 크림', 0, 'SINGLE'),
	(63, 20, '휘핑 크림', 0, 'SINGLE'),
	(64, 22, '휘핑 크림', 0, 'SINGLE');

-- 테이블 nok_nok.option_item 구조 내보내기
CREATE TABLE IF NOT EXISTS `option_item` (
  `option_item_id` bigint(20) NOT NULL AUTO_INCREMENT,
  `option_group_id` bigint(20) NOT NULL,
  `name` varchar(50) NOT NULL COMMENT '옵션 이름',
  `option_price` int(11) NOT NULL COMMENT '옵션 가격',
  PRIMARY KEY (`option_item_id`),
  KEY `option_group_id` (`option_group_id`),
  KEY `idx_option_item_group` (`option_group_id`),
  CONSTRAINT `option_item_ibfk_1` FOREIGN KEY (`option_group_id`) REFERENCES `option_group` (`option_group_id`)
) ENGINE=InnoDB AUTO_INCREMENT=151 DEFAULT CHARSET=utf8mb4 COLLATE=utf8mb4_unicode_ci;

-- 테이블 데이터 nok_nok.option_item:~150 rows (대략적) 내보내기
INSERT INTO `option_item` (`option_item_id`, `option_group_id`, `name`, `option_price`) VALUES
	(1, 1, 'HOT', 0),
	(2, 1, 'ICE', 0),
	(3, 5, 'HOT', 0),
	(4, 5, 'ICE', 0),
	(5, 9, 'HOT', 0),
	(6, 9, 'ICE', 0),
	(7, 12, 'HOT', 0),
	(8, 12, 'ICE', 0),
	(9, 14, 'HOT', 0),
	(10, 14, 'ICE', 0),
	(11, 17, 'HOT', 0),
	(12, 17, 'ICE', 0),
	(13, 22, 'HOT', 0),
	(14, 22, 'ICE', 0),
	(15, 25, 'HOT', 0),
	(16, 25, 'ICE', 0),
	(17, 27, 'HOT', 0),
	(18, 27, 'ICE', 0),
	(19, 29, 'HOT', 0),
	(20, 29, 'ICE', 0),
	(21, 31, 'HOT', 0),
	(22, 31, 'ICE', 0),
	(23, 40, 'HOT', 0),
	(24, 40, 'ICE', 0),
	(25, 42, 'HOT', 0),
	(26, 42, 'ICE', 0),
	(27, 44, 'HOT', 0),
	(28, 44, 'ICE', 0),
	(29, 46, 'HOT', 0),
	(30, 46, 'ICE', 0),
	(31, 48, 'HOT', 0),
	(32, 48, 'ICE', 0),
	(33, 50, 'HOT', 0),
	(34, 50, 'ICE', 0),
	(35, 52, 'HOT', 0),
	(36, 52, 'ICE', 0),
	(37, 2, '톨(Tall)', 0),
	(38, 2, '그란데(Grande)', 500),
	(39, 2, '벤티(Venti)', 1000),
	(40, 6, '톨(Tall)', 0),
	(41, 6, '그란데(Grande)', 500),
	(42, 6, '벤티(Venti)', 1000),
	(43, 10, '톨(Tall)', 0),
	(44, 10, '그란데(Grande)', 500),
	(45, 10, '벤티(Venti)', 1000),
	(46, 13, '톨(Tall)', 0),
	(47, 13, '그란데(Grande)', 500),
	(48, 13, '벤티(Venti)', 1000),
	(49, 15, '톨(Tall)', 0),
	(50, 15, '그란데(Grande)', 500),
	(51, 15, '벤티(Venti)', 1000),
	(52, 18, '톨(Tall)', 0),
	(53, 18, '그란데(Grande)', 500),
	(54, 18, '벤티(Venti)', 1000),
	(55, 20, '톨(Tall)', 0),
	(56, 20, '그란데(Grande)', 500),
	(57, 20, '벤티(Venti)', 1000),
	(58, 23, '톨(Tall)', 0),
	(59, 23, '그란데(Grande)', 500),
	(60, 23, '벤티(Venti)', 1000),
	(61, 24, '톨(Tall)', 0),
	(62, 24, '그란데(Grande)', 500),
	(63, 24, '벤티(Venti)', 1000),
	(64, 26, '톨(Tall)', 0),
	(65, 26, '그란데(Grande)', 500),
	(66, 26, '벤티(Venti)', 1000),
	(67, 28, '톨(Tall)', 0),
	(68, 28, '그란데(Grande)', 500),
	(69, 28, '벤티(Venti)', 1000),
	(70, 30, '톨(Tall)', 0),
	(71, 30, '그란데(Grande)', 500),
	(72, 30, '벤티(Venti)', 1000),
	(73, 32, '톨(Tall)', 0),
	(74, 32, '그란데(Grande)', 500),
	(75, 32, '벤티(Venti)', 1000),
	(76, 33, '톨(Tall)', 0),
	(77, 33, '그란데(Grande)', 500),
	(78, 33, '벤티(Venti)', 1000),
	(79, 34, '톨(Tall)', 0),
	(80, 34, '그란데(Grande)', 500),
	(81, 34, '벤티(Venti)', 1000),
	(82, 36, '톨(Tall)', 0),
	(83, 36, '그란데(Grande)', 500),
	(84, 36, '벤티(Venti)', 1000),
	(85, 38, '톨(Tall)', 0),
	(86, 38, '그란데(Grande)', 500),
	(87, 38, '벤티(Venti)', 1000),
	(88, 41, '톨(Tall)', 0),
	(89, 41, '그란데(Grande)', 500),
	(90, 41, '벤티(Venti)', 1000),
	(91, 43, '톨(Tall)', 0),
	(92, 43, '그란데(Grande)', 500),
	(93, 43, '벤티(Venti)', 1000),
	(94, 45, '톨(Tall)', 0),
	(95, 45, '그란데(Grande)', 500),
	(96, 45, '벤티(Venti)', 1000),
	(97, 47, '톨(Tall)', 0),
	(98, 47, '그란데(Grande)', 500),
	(99, 47, '벤티(Venti)', 1000),
	(100, 49, '톨(Tall)', 0),
	(101, 49, '그란데(Grande)', 500),
	(102, 49, '벤티(Venti)', 1000),
	(103, 51, '톨(Tall)', 0),
	(104, 51, '그란데(Grande)', 500),
	(105, 51, '벤티(Venti)', 1000),
	(106, 53, '톨(Tall)', 0),
	(107, 53, '그란데(Grande)', 500),
	(108, 53, '벤티(Venti)', 1000),
	(109, 3, '적게', 0),
	(110, 3, '보통', 0),
	(111, 3, '많이', 0),
	(112, 21, '적게', 0),
	(113, 21, '보통', 0),
	(114, 21, '많이', 0),
	(115, 35, '적게', 0),
	(116, 35, '보통', 0),
	(117, 35, '많이', 0),
	(118, 37, '적게', 0),
	(119, 37, '보통', 0),
	(120, 37, '많이', 0),
	(121, 39, '적게', 0),
	(122, 39, '보통', 0),
	(123, 39, '많이', 0),
	(124, 4, '샷 추가', 500),
	(125, 7, '샷 추가', 500),
	(126, 11, '샷 추가', 500),
	(127, 16, '샷 추가', 500),
	(128, 19, '샷 추가', 500),
	(129, 54, '휘핑 크림 없음', 0),
	(130, 54, '휘핑 크림 추가', 500),
	(131, 55, '휘핑 크림 없음', 0),
	(132, 55, '휘핑 크림 추가', 500),
	(133, 56, '휘핑 크림 없음', 0),
	(134, 56, '휘핑 크림 추가', 500),
	(135, 57, '휘핑 크림 없음', 0),
	(136, 57, '휘핑 크림 추가', 500),
	(137, 58, '휘핑 크림 없음', 0),
	(138, 58, '휘핑 크림 추가', 500),
	(139, 59, '휘핑 크림 없음', 0),
	(140, 59, '휘핑 크림 추가', 500),
	(141, 60, '휘핑 크림 없음', 0),
	(142, 60, '휘핑 크림 추가', 500),
	(143, 61, '휘핑 크림 없음', 0),
	(144, 61, '휘핑 크림 추가', 500),
	(145, 62, '휘핑 크림 없음', 0),
	(146, 62, '휘핑 크림 추가', 500),
	(147, 63, '휘핑 크림 없음', 0),
	(148, 63, '휘핑 크림 추가', 500),
	(149, 64, '휘핑 크림 없음', 0),
	(150, 64, '휘핑 크림 추가', 500);

-- 테이블 nok_nok.customer_session 구조 내보내기
CREATE TABLE IF NOT EXISTS `customer_session` (
  `session_id` bigint(20) NOT NULL AUTO_INCREMENT,
  `store_id` bigint(20) NOT NULL,
  `created_at` timestamp NOT NULL DEFAULT current_timestamp() COMMENT '주문 시작 시간',
  `ended_at` timestamp NULL DEFAULT NULL COMMENT '주문 완료 시간',
  `age_group` varchar(50) DEFAULT NULL COMMENT '10대 20대 30대',
  `gender` enum('M','F') DEFAULT NULL COMMENT '남성/여성',
  `is_senior_mode` tinyint(1) NOT NULL DEFAULT 0 COMMENT 'FALSE: 일반/TRUE: 시니어 모드',
  PRIMARY KEY (`session_id`),
  KEY `store_id` (`store_id`),
  KEY `idx_session_store_created` (`store_id`,`created_at`),
  CONSTRAINT `customer_session_ibfk_1` FOREIGN KEY (`store_id`) REFERENCES `store` (`store_id`)
) ENGINE=InnoDB AUTO_INCREMENT=91 DEFAULT CHARSET=utf8mb4 COLLATE=utf8mb4_unicode_ci;

-- customer_session 데이터
INSERT INTO `customer_session` (`session_id`, `store_id`, `created_at`, `ended_at`, `age_group`, `gender`, `is_senior_mode`) VALUES
	(1, 3, '2025-12-02 19:24:00', '2025-12-02 19:27:00', '50대', 'M', 0),
	(2, 2, '2025-12-04 08:19:00', '2025-12-04 08:24:00', '60대이상', 'M', 1),
	(3, 5, '2025-12-04 08:35:00', '2025-12-04 08:39:00', '40대', 'M', 0),
	(4, 4, '2025-12-04 08:42:00', '2025-12-04 08:46:00', '30대', 'F', 0),
	(5, 4, '2025-12-05 11:43:00', '2025-12-05 11:50:00', '30대', 'M', 0),
	(6, 5, '2025-12-05 13:30:00', '2025-12-05 13:36:00', '60대이상', 'F', 0),
	(7, 2, '2025-12-05 19:14:00', '2025-12-05 19:19:00', '30대', 'M', 0),
	(8, 2, '2025-12-06 08:04:00', '2025-12-06 08:08:00', '30대', 'F', 0),
	(9, 3, '2025-12-06 19:04:00', '2025-12-06 19:10:00', '30대', 'F', 0),
	(10, 1, '2025-12-07 08:11:00', '2025-12-07 08:18:00', '30대', 'M', 0),
	(11, 5, '2025-12-07 12:19:00', '2025-12-07 12:24:00', '30대', 'M', 0),
	(12, 3, '2025-12-07 14:56:00', '2025-12-07 15:01:00', '40대', 'M', 0),
	(13, 1, '2025-12-07 16:21:00', '2025-12-07 16:26:00', '40대', 'M', 0),
	(14, 1, '2025-12-07 18:03:00', '2025-12-07 18:09:00', '30대', 'M', 0),
	(15, 4, '2025-12-08 08:01:00', '2025-12-08 08:05:00', '40대', 'M', 0),
	(16, 2, '2025-12-08 08:15:00', '2025-12-08 08:18:00', '30대', 'M', 0),
	(17, 3, '2025-12-09 19:25:00', '2025-12-09 19:29:00', '30대', 'M', 0),
	(18, 5, '2025-12-10 08:58:00', '2025-12-10 09:03:00', '50대', 'M', 0),
	(19, 1, '2025-12-10 08:59:00', '2025-12-10 09:06:00', '20대', 'M', 0),
	(20, 3, '2025-12-11 13:13:00', '2025-12-11 13:18:00', '40대', 'M', 0),
	(21, 4, '2025-12-11 14:52:00', '2025-12-11 14:57:00', '30대', 'F', 0),
	(22, 5, '2025-12-11 19:04:00', '2025-12-11 19:09:00', '20대', 'F', 0),
	(23, 1, '2025-12-12 08:04:00', '2025-12-12 08:09:00', '40대', 'F', 0),
	(24, 5, '2025-12-12 11:11:00', '2025-12-12 11:14:00', '20대', 'M', 0),
	(25, 2, '2025-12-13 12:13:00', '2025-12-13 12:19:00', '20대', 'M', 0),
	(26, 3, '2025-12-14 10:57:00', '2025-12-14 11:00:00', '40대', 'M', 0),
	(27, 3, '2025-12-14 19:52:00', '2025-12-14 19:56:00', '40대', 'M', 0),
	(28, 3, '2025-12-16 08:14:00', '2025-12-16 08:19:00', '50대', 'M', 0),
	(29, 4, '2025-12-16 19:52:00', '2025-12-16 19:58:00', '50대', 'F', 0),
	(30, 2, '2025-12-17 08:12:00', '2025-12-17 08:17:00', '20대', 'F', 0),
	(31, 3, '2025-12-17 17:51:00', '2025-12-17 17:56:00', '30대', 'F', 0),
	(32, 5, '2025-12-17 18:20:00', '2025-12-17 18:26:00', '30대', 'M', 0),
	(33, 4, '2025-12-18 10:36:00', '2025-12-18 10:43:00', '30대', 'M', 0),
	(34, 4, '2025-12-18 11:34:00', '2025-12-18 11:40:00', '60대이상', 'M', 1),
	(35, 4, '2025-12-18 13:44:00', '2025-12-18 13:50:00', '20대', 'M', 0),
	(36, 4, '2025-12-18 18:01:00', '2025-12-18 18:08:00', '50대', 'F', 0),
	(37, 2, '2025-12-19 08:14:00', '2025-12-19 08:21:00', '30대', 'F', 0),
	(38, 3, '2025-12-19 08:50:00', '2025-12-19 08:56:00', '20대', 'F', 0),
	(39, 4, '2025-12-21 08:34:00', '2025-12-21 08:37:00', '20대', 'M', 0),
	(40, 1, '2025-12-21 17:44:00', '2025-12-21 17:50:00', '30대', 'M', 0),
	(41, 5, '2025-12-22 08:48:00', '2025-12-22 08:51:00', '40대', 'M', 0),
	(42, 2, '2025-12-22 08:55:00', '2025-12-22 09:00:00', '40대', 'F', 0),
	(43, 3, '2025-12-22 18:40:00', '2025-12-22 18:46:00', '60대이상', 'M', 1),
	(44, 1, '2025-12-22 19:11:00', '2025-12-22 19:14:00', '50대', 'M', 0),
	(45, 1, '2025-12-22 19:12:00', '2025-12-22 19:17:00', '30대', 'M', 0),
	(46, 3, '2025-12-22 19:21:00', '2025-12-22 19:24:00', '40대', 'M', 0),
	(47, 5, '2025-12-23 08:21:00', '2025-12-23 08:25:00', '50대', 'F', 0),
	(48, 1, '2025-12-23 08:37:00', '2025-12-23 08:40:00', '60대이상', 'M', 0),
	(49, 1, '2025-12-23 12:24:00', '2025-12-23 12:30:00', '20대', 'F', 0),
	(50, 1, '2025-12-24 08:37:00', '2025-12-24 08:40:00', '20대', 'M', 0),
	(51, 4, '2025-12-24 11:59:00', '2025-12-24 12:05:00', '60대이상', 'F', 1),
	(52, 1, '2025-12-24 18:06:00', '2025-12-24 18:13:00', '50대', 'F', 0),
	(53, 4, '2025-12-24 18:42:00', '2025-12-24 18:46:00', '30대', 'F', 0),
	(54, 2, '2025-12-24 19:13:00', '2025-12-24 19:16:00', '40대', 'F', 0),
	(55, 3, '2025-12-25 12:20:00', '2025-12-25 12:26:00', '40대', 'M', 0),
	(56, 5, '2025-12-25 19:15:00', '2025-12-25 19:20:00', '30대', 'M', 0),
	(57, 5, '2025-12-26 08:23:00', '2025-12-26 08:26:00', '20대', 'M', 0),
	(58, 5, '2025-12-26 08:29:00', '2025-12-26 08:35:00', '50대', 'M', 0),
	(59, 3, '2025-12-26 19:21:00', '2025-12-26 19:24:00', '20대', 'F', 0),
	(60, 4, '2025-12-27 16:07:00', '2025-12-27 16:10:00', '50대', 'F', 0),
	(61, 4, '2025-12-27 19:41:00', '2025-12-27 19:48:00', '30대', 'M', 0),
	(62, 1, '2025-12-28 08:34:00', '2025-12-28 08:41:00', '30대', 'F', 0),
	(63, 2, '2025-12-28 17:34:00', '2025-12-28 17:38:00', '50대', 'F', 0),
	(64, 2, '2025-12-29 08:22:00', '2025-12-29 08:28:00', '20대', 'F', 0),
	(65, 3, '2025-12-29 08:45:00', '2025-12-29 08:50:00', '50대', 'M', 0),
	(66, 2, '2025-12-29 16:55:00', '2025-12-29 17:02:00', '40대', 'M', 0),
	(67, 1, '2025-12-29 19:00:00', '2025-12-29 19:03:00', '30대', 'F', 0),
	(68, 1, '2025-12-29 19:22:00', '2025-12-29 19:29:00', '20대', 'F', 0),
	(69, 1, '2025-12-30 08:13:00', '2025-12-30 08:17:00', '50대', 'M', 0),
	(70, 4, '2025-12-30 08:17:00', '2025-12-30 08:23:00', '30대', 'M', 0),
	(71, 4, '2025-12-30 09:56:00', '2025-12-30 10:00:00', '60대이상', 'F', 1),
	(72, 4, '2025-12-30 19:45:00', '2025-12-30 19:48:00', '40대', 'F', 0),
	(73, 5, '2025-12-31 08:27:00', '2025-12-31 08:34:00', '20대', 'F', 0),
	(74, 3, '2025-12-31 08:50:00', '2025-12-31 08:55:00', '40대', 'M', 0),
	(75, 2, '2025-12-31 16:31:00', '2025-12-31 16:35:00', '30대', 'F', 0),
	(76, 5, '2025-12-31 17:48:00', '2025-12-31 17:52:00', '20대', 'F', 0),
	(77, 4, '2025-12-31 19:03:00', '2025-12-31 19:09:00', '20대', 'M', 0),
	(78, 3, '2025-12-31 19:31:00', '2025-12-31 19:37:00', '60대이상', 'M', 1),
	(79, 2, '2025-12-31 19:41:00', '2025-12-31 19:47:00', '30대', 'F', 0),
	(80, 5, '2026-01-01 08:04:00', '2026-01-01 08:07:00', '40대', 'F', 0),
	(81, 3, '2026-01-01 13:48:00', '2026-01-01 13:53:00', '50대', 'M', 0),
	(82, 4, '2026-01-02 08:07:00', '2026-01-02 08:14:00', '40대', 'F', 0),
	(83, 5, '2026-01-03 08:08:00', '2026-01-03 08:12:00', '30대', 'M', 0),
	(84, 2, '2026-01-03 13:48:00', '2026-01-03 13:53:00', '20대', 'F', 0),
	(85, 3, '2026-01-03 13:57:00', '2026-01-03 14:01:00', '40대', 'M', 0),
	(86, 2, '2026-01-04 16:05:00', '2026-01-04 16:09:00', '60대이상', 'M', 1),
	(87, 2, '2026-01-04 19:32:00', '2026-01-04 19:39:00', '60대이상', 'F', 1),
	(88, 4, '2026-01-05 08:52:00', '2026-01-05 08:56:00', '20대', 'F', 0),
	(89, 1, '2026-01-05 13:47:00', '2026-01-05 13:53:00', '20대', 'F', 0),
	(90, 2, '2026-01-05 19:35:00', '2026-01-05 19:41:00', '50대', 'M', 0);

-- 테이블 nok_nok.orders 구조 내보내기
CREATE TABLE IF NOT EXISTS `orders` (
  `order_id` bigint(20) NOT NULL AUTO_INCREMENT,
  `session_id` bigint(20) NOT NULL,
  `store_id` bigint(20) NOT NULL,
  `order_no` int(11) NOT NULL COMMENT '주문번호',
  `order_type` enum('dine-in','takeout') NOT NULL DEFAULT 'dine-in' COMMENT '매장식사/포장',
  `status` tinyint(1) NOT NULL COMMENT '주문 완료/취소',
  `total_amount` int(11) NOT NULL COMMENT '총 가격',
  `created_at` timestamp NOT NULL DEFAULT current_timestamp() COMMENT '생성시간',
  `paid_at` timestamp NULL DEFAULT NULL COMMENT '결제 시간',
  `payment_method` varchar(20) DEFAULT NULL COMMENT '카드결제/네이버페이/카카오페이/삼성페이/애플페이/기프티콘',
  `payment_status` varchar(20) DEFAULT NULL COMMENT '결제 상태',
  `pg_transaction_id` varchar(50) DEFAULT NULL COMMENT 'PG사가 준 비식별 ID',
  PRIMARY KEY (`order_id`),
  KEY `session_id` (`session_id`),
  KEY `store_id` (`store_id`),
  KEY `idx_orders_store_created` (`store_id`,`created_at`),
  KEY `idx_orders_session` (`session_id`),
  CONSTRAINT `orders_ibfk_1` FOREIGN KEY (`session_id`) REFERENCES `customer_session` (`session_id`),
  CONSTRAINT `orders_ibfk_2` FOREIGN KEY (`store_id`) REFERENCES `store` (`store_id`)
) ENGINE=InnoDB AUTO_INCREMENT=91 DEFAULT CHARSET=utf8mb4 COLLATE=utf8mb4_unicode_ci;

-- orders 데이터
INSERT INTO `orders` (`order_id`, `session_id`, `store_id`, `order_no`, `order_type`, `status`, `total_amount`, `created_at`, `paid_at`, `payment_method`, `payment_status`, `pg_transaction_id`) VALUES
	(1, 1, 3, 30001, 'takeout', 1, 9000, '2025-12-02 19:25:00', '2025-12-02 19:26:00', '애플페이', 'PAID', 'PG-0067'),
	(2, 2, 2, 20001, 'dine-in', 1, 5500, '2025-12-04 08:20:00', '2025-12-04 08:21:00', '애플페이', 'PAID', 'PG-0068'),
	(3, 3, 5, 50001, 'dine-in', 1, 10000, '2025-12-04 08:36:00', '2025-12-04 08:37:00', '기프티콘', 'PAID', 'PG-0021'),
	(4, 4, 4, 40001, 'dine-in', 1, 5000, '2025-12-04 08:43:00', '2025-12-04 08:44:00', '기프티콘', 'PAID', 'PG-0005'),
	(5, 5, 4, 40002, 'dine-in', 1, 10000, '2025-12-05 11:44:00', '2025-12-05 11:45:00', '기프티콘', 'PAID', 'PG-0044'),
	(6, 6, 5, 50002, 'takeout', 1, 5000, '2025-12-05 13:31:00', '2025-12-05 13:32:00', '애플페이', 'PAID', 'PG-0078'),
	(7, 7, 2, 20002, 'dine-in', 1, 10500, '2025-12-05 19:15:00', '2025-12-05 19:16:00', '카카오페이', 'PAID', 'PG-0046'),
	(8, 8, 2, 20003, 'dine-in', 1, 5500, '2025-12-06 08:05:00', '2025-12-06 08:06:00', '카드결제', 'PAID', 'PG-0040'),
	(9, 9, 3, 30002, 'takeout', 1, 9000, '2025-12-06 19:05:00', '2025-12-06 19:06:00', '네이버페이', 'PAID', 'PG-0039'),
	(10, 10, 1, 10001, 'takeout', 1, 11200, '2025-12-07 08:12:00', '2025-12-07 08:13:00', '기프티콘', 'PAID', 'PG-0077'),
	(11, 11, 5, 50003, 'takeout', 1, 4500, '2025-12-07 12:20:00', '2025-12-07 12:21:00', '네이버페이', 'PAID', 'PG-0010'),
	(12, 12, 3, 30003, 'takeout', 1, 4500, '2025-12-07 14:57:00', '2025-12-07 14:58:00', '삼성페이', 'PAID', 'PG-0070'),
	(13, 13, 1, 10002, 'dine-in', 1, 5500, '2025-12-07 16:22:00', '2025-12-07 16:23:00', '카드결제', 'PAID', 'PG-0001'),
	(14, 14, 1, 10003, 'dine-in', 1, 5500, '2025-12-07 18:04:00', '2025-12-07 18:05:00', '카카오페이', 'PAID', 'PG-0074'),
	(15, 15, 4, 40003, 'dine-in', 1, 5500, '2025-12-08 08:02:00', '2025-12-08 08:03:00', '애플페이', 'PAID', 'PG-0075'),
	(16, 16, 2, 20004, 'takeout', 1, 7000, '2025-12-08 08:16:00', '2025-12-08 08:17:00', '삼성페이', 'PAID', 'PG-0083'),
	(17, 17, 3, 30004, 'takeout', 1, 3500, '2025-12-09 19:26:00', '2025-12-09 19:27:00', '애플페이', 'PAID', 'PG-0056'),
	(18, 19, 1, 10004, 'takeout', 1, 4800, '2025-12-10 08:59:00', '2025-12-10 09:00:00', '삼성페이', 'PAID', 'PG-0062'),
	(19, 18, 5, 50004, 'takeout', 1, 14500, '2025-12-10 09:00:00', '2025-12-10 09:01:00', '애플페이', 'PAID', 'PG-0076'),
	(20, 20, 3, 30005, 'dine-in', 1, 5500, '2025-12-11 13:14:00', '2025-12-11 13:15:00', '카드결제', 'PAID', 'PG-0061'),
	(21, 21, 4, 40004, 'dine-in', 1, 5000, '2025-12-11 14:53:00', '2025-12-11 14:54:00', '카드결제', 'PAID', 'PG-0042'),
	(22, 22, 5, 50005, 'dine-in', 1, 5000, '2025-12-11 19:05:00', '2025-12-11 19:06:00', '삼성페이', 'PAID', 'PG-0069'),
	(23, 23, 1, 10005, 'takeout', 1, 4500, '2025-12-12 08:05:00', '2025-12-12 08:06:00', '카드결제', 'PAID', 'PG-0050'),
	(24, 24, 5, 50006, 'dine-in', 1, 14700, '2025-12-12 11:12:00', '2025-12-12 11:13:00', '카카오페이', 'PAID', 'PG-0034'),
	(25, 25, 2, 20005, 'takeout', 1, 5500, '2025-12-13 12:14:00', '2025-12-13 12:15:00', '기프티콘', 'PAID', 'PG-0063'),
	(26, 26, 3, 30006, 'takeout', 1, 14000, '2025-12-14 10:58:00', '2025-12-14 10:59:00', '애플페이', 'PAID', 'PG-0088'),
	(27, 27, 3, 30007, 'dine-in', 1, 5000, '2025-12-14 19:53:00', '2025-12-14 19:54:00', '삼성페이', 'PAID', 'PG-0026'),
	(28, 28, 3, 30008, 'dine-in', 1, 9500, '2025-12-16 08:15:00', '2025-12-16 08:16:00', '네이버페이', 'PAID', 'PG-0080'),
	(29, 29, 4, 40005, 'takeout', 1, 5500, '2025-12-16 19:53:00', '2025-12-16 19:54:00', '카드결제', 'PAID', 'PG-0057'),
	(30, 30, 2, 20006, 'takeout', 1, 9500, '2025-12-17 08:13:00', '2025-12-17 08:14:00', '기프티콘', 'PAID', 'PG-0033'),
	(31, 31, 3, 30009, 'takeout', 1, 5000, '2025-12-17 17:52:00', '2025-12-17 17:53:00', '네이버페이', 'PAID', 'PG-0025'),
	(32, 32, 5, 50007, 'takeout', 1, 5500, '2025-12-17 18:21:00', '2025-12-17 18:22:00', '네이버페이', 'PAID', 'PG-0045'),
	(33, 33, 4, 40006, 'dine-in', 1, 5500, '2025-12-18 10:37:00', '2025-12-18 10:38:00', '애플페이', 'PAID', 'PG-0085'),
	(34, 34, 4, 40007, 'takeout', 1, 7000, '2025-12-18 11:35:00', '2025-12-18 11:36:00', '기프티콘', 'PAID', 'PG-0043'),
	(35, 35, 4, 40008, 'takeout', 1, 5500, '2025-12-18 13:45:00', '2025-12-18 13:46:00', '카드결제', 'PAID', 'PG-0023'),
	(36, 36, 4, 40009, 'takeout', 1, 5000, '2025-12-18 18:02:00', '2025-12-18 18:03:00', '네이버페이', 'PAID', 'PG-0020'),
	(37, 37, 2, 20007, 'takeout', 1, 4800, '2025-12-19 08:15:00', '2025-12-19 08:16:00', '삼성페이', 'PAID', 'PG-0029'),
	(38, 38, 3, 30010, 'takeout', 1, 4800, '2025-12-19 08:51:00', '2025-12-19 08:52:00', '카카오페이', 'PAID', 'PG-0037'),
	(39, 39, 4, 40010, 'dine-in', 1, 5200, '2025-12-21 08:35:00', '2025-12-21 08:36:00', '카카오페이', 'PAID', 'PG-0048'),
	(40, 40, 1, 10006, 'dine-in', 1, 5500, '2025-12-21 17:45:00', '2025-12-21 17:46:00', '기프티콘', 'PAID', 'PG-0012'),
	(41, 41, 5, 50008, 'takeout', 1, 12500, '2025-12-22 08:49:00', '2025-12-22 08:50:00', '삼성페이', 'PAID', 'PG-0053'),
	(42, 42, 2, 20008, 'takeout', 1, 5500, '2025-12-22 08:56:00', '2025-12-22 08:57:00', '삼성페이', 'PAID', 'PG-0072'),
	(43, 43, 3, 30011, 'takeout', 1, 6000, '2025-12-22 18:41:00', '2025-12-22 18:42:00', '기프티콘', 'PAID', 'PG-0051'),
	(44, 45, 1, 10007, 'takeout', 1, 5000, '2025-12-22 19:12:00', '2025-12-22 19:13:00', '카드결제', 'PAID', 'PG-0016'),
	(45, 44, 1, 10008, 'dine-in', 1, 10500, '2025-12-22 19:13:00', '2025-12-22 19:14:00', '카드결제', 'PAID', 'PG-0006'),
	(46, 46, 3, 30012, 'dine-in', 1, 10000, '2025-12-22 19:22:00', '2025-12-22 19:23:00', '카카오페이', 'PAID', 'PG-0003'),
	(47, 47, 5, 50009, 'takeout', 1, 9200, '2025-12-23 08:22:00', '2025-12-23 08:23:00', '네이버페이', 'PAID', 'PG-0009'),
	(48, 48, 1, 10009, 'takeout', 1, 5200, '2025-12-23 08:38:00', '2025-12-23 08:39:00', '삼성페이', 'PAID', 'PG-0081'),
	(49, 49, 1, 10010, 'dine-in', 1, 5000, '2025-12-23 12:25:00', '2025-12-23 12:26:00', '애플페이', 'PAID', 'PG-0038'),
	(50, 50, 1, 10011, 'takeout', 1, 5500, '2025-12-24 08:38:00', '2025-12-24 08:39:00', '기프티콘', 'PAID', 'PG-0018'),
	(51, 51, 4, 40011, 'takeout', 1, 5000, '2025-12-24 12:00:00', '2025-12-24 12:01:00', '카드결제', 'PAID', 'PG-0031'),
	(52, 52, 1, 10012, 'dine-in', 1, 4500, '2025-12-24 18:07:00', '2025-12-24 18:08:00', '네이버페이', 'PAID', 'PG-0084'),
	(53, 53, 4, 40012, 'dine-in', 1, 5000, '2025-12-24 18:43:00', '2025-12-24 18:44:00', '카드결제', 'PAID', 'PG-0014'),
	(54, 54, 2, 20009, 'dine-in', 1, 5500, '2025-12-24 19:14:00', '2025-12-24 19:15:00', '삼성페이', 'PAID', 'PG-0032'),
	(55, 55, 3, 30013, 'dine-in', 1, 5200, '2025-12-25 12:21:00', '2025-12-25 12:22:00', '카드결제', 'PAID', 'PG-0022'),
	(56, 56, 5, 50010, 'dine-in', 1, 15200, '2025-12-25 19:16:00', '2025-12-25 19:17:00', '애플페이', 'PAID', 'PG-0008'),
	(57, 57, 5, 50011, 'takeout', 1, 5500, '2025-12-26 08:24:00', '2025-12-26 08:25:00', '기프티콘', 'PAID', 'PG-0030'),
	(58, 58, 5, 50012, 'dine-in', 1, 16800, '2025-12-26 08:30:00', '2025-12-26 08:31:00', '기프티콘', 'PAID', 'PG-0065'),
	(59, 59, 3, 30014, 'dine-in', 1, 9500, '2025-12-26 19:22:00', '2025-12-26 19:23:00', '삼성페이', 'PAID', 'PG-0013'),
	(60, 60, 4, 40013, 'dine-in', 1, 5000, '2025-12-27 16:08:00', '2025-12-27 16:09:00', '삼성페이', 'PAID', 'PG-0017'),
	(61, 61, 4, 40014, 'takeout', 1, 12000, '2025-12-27 19:42:00', '2025-12-27 19:43:00', '애플페이', 'PAID', 'PG-0082'),
	(62, 62, 1, 10013, 'dine-in', 1, 9500, '2025-12-28 08:35:00', '2025-12-28 08:36:00', '애플페이', 'PAID', 'PG-0052'),
	(63, 63, 2, 20010, 'takeout', 1, 9700, '2025-12-28 17:35:00', '2025-12-28 17:36:00', '애플페이', 'PAID', 'PG-0087'),
	(64, 64, 2, 20011, 'takeout', 1, 15000, '2025-12-29 08:23:00', '2025-12-29 08:24:00', '기프티콘', 'PAID', 'PG-0059'),
	(65, 65, 3, 30015, 'dine-in', 1, 11000, '2025-12-29 08:46:00', '2025-12-29 08:47:00', '네이버페이', 'PAID', 'PG-0066'),
	(66, 66, 2, 20012, 'takeout', 1, 5500, '2025-12-29 16:56:00', '2025-12-29 16:57:00', '삼성페이', 'PAID', 'PG-0004'),
	(67, 67, 1, 10014, 'dine-in', 1, 9300, '2025-12-29 19:01:00', '2025-12-29 19:02:00', '카카오페이', 'PAID', 'PG-0011'),
	(68, 68, 1, 10015, 'takeout', 1, 5200, '2025-12-29 19:23:00', '2025-12-29 19:24:00', '카드결제', 'PAID', 'PG-0055'),
	(69, 69, 1, 10016, 'dine-in', 1, 5200, '2025-12-30 08:14:00', '2025-12-30 08:15:00', '기프티콘', 'PAID', 'PG-0049'),
	(70, 70, 4, 40015, 'dine-in', 1, 15500, '2025-12-30 08:18:00', '2025-12-30 08:19:00', '기프티콘', 'PAID', 'PG-0028'),
	(71, 71, 4, 40016, 'takeout', 1, 5500, '2025-12-30 09:57:00', '2025-12-30 09:58:00', '기프티콘', 'PAID', 'PG-0035'),
	(72, 72, 4, 40017, 'takeout', 1, 5000, '2025-12-30 19:46:00', '2025-12-30 19:47:00', '카드결제', 'PAID', 'PG-0086'),
	(73, 73, 5, 50013, 'takeout', 1, 5200, '2025-12-31 08:28:00', '2025-12-31 08:29:00', '카드결제', 'PAID', 'PG-0015'),
	(74, 74, 3, 30016, 'takeout', 1, 9000, '2025-12-31 08:51:00', '2025-12-31 08:52:00', '카카오페이', 'PAID', 'PG-0058'),
	(75, 75, 2, 20013, 'takeout', 1, 11000, '2025-12-31 16:32:00', '2025-12-31 16:33:00', '카카오페이', 'PAID', 'PG-0073'),
	(76, 76, 5, 50014, 'takeout', 1, 14500, '2025-12-31 17:49:00', '2025-12-31 17:50:00', '애플페이', 'PAID', 'PG-0024'),
	(77, 77, 4, 40018, 'dine-in', 1, 10000, '2025-12-31 19:04:00', '2025-12-31 19:05:00', '애플페이', 'PAID', 'PG-0064'),
	(78, 78, 3, 30017, 'takeout', 1, 5000, '2025-12-31 19:32:00', '2025-12-31 19:33:00', '카카오페이', 'PAID', 'PG-0019'),
	(79, 79, 2, 20014, 'dine-in', 1, 4500, '2025-12-31 19:42:00', '2025-12-31 19:43:00', '카카오페이', 'PAID', 'PG-0071'),
	(80, 80, 5, 50015, 'dine-in', 1, 10200, '2026-01-01 08:05:00', '2026-01-01 08:06:00', '카드결제', 'PAID', 'PG-0007'),
	(81, 81, 3, 30018, 'takeout', 1, 10000, '2026-01-01 13:49:00', '2026-01-01 13:50:00', '애플페이', 'PAID', 'PG-0090'),
	(82, 82, 4, 40019, 'takeout', 1, 4500, '2026-01-02 08:08:00', '2026-01-02 08:09:00', '카드결제', 'PAID', 'PG-0027'),
	(83, 83, 5, 50016, 'takeout', 1, 5200, '2026-01-03 08:09:00', '2026-01-03 08:10:00', '카카오페이', 'PAID', 'PG-0089'),
	(84, 84, 2, 20015, 'dine-in', 1, 15000, '2026-01-03 13:49:00', '2026-01-03 13:50:00', '카카오페이', 'PAID', 'PG-0041'),
	(85, 85, 3, 30019, 'takeout', 1, 5500, '2026-01-03 13:58:00', '2026-01-03 13:59:00', '카드결제', 'PAID', 'PG-0047'),
	(86, 86, 2, 20016, 'dine-in', 1, 16500, '2026-01-04 16:06:00', '2026-01-04 16:07:00', '삼성페이', 'PAID', 'PG-0054'),
	(87, 87, 2, 20017, 'dine-in', 1, 5500, '2026-01-04 19:33:00', '2026-01-04 19:34:00', '카드결제', 'PAID', 'PG-0060'),
	(88, 88, 4, 40020, 'takeout', 1, 14200, '2026-01-05 08:53:00', '2026-01-05 08:54:00', '카드결제', 'PAID', 'PG-0079'),
	(89, 89, 1, 10017, 'dine-in', 1, 5000, '2026-01-05 13:48:00', '2026-01-05 13:49:00', '삼성페이', 'PAID', 'PG-0036'),
	(90, 90, 2, 20018, 'takeout', 1, 13900, '2026-01-05 19:36:00', '2026-01-05 19:37:00', '삼성페이', 'PAID', 'PG-0002');


-- 테이블 nok_nok.order_item 구조 내보내기
CREATE TABLE IF NOT EXISTS `order_item` (
  `order_item_id` bigint(20) NOT NULL AUTO_INCREMENT,
  `order_id` bigint(20) NOT NULL,
  `menu_id` bigint(20) NOT NULL,
  `quantity` int(11) NOT NULL COMMENT '수량',
  `unit_price` int(11) NOT NULL COMMENT '개별 금액',
  `line_amount` int(11) NOT NULL COMMENT '총 금액',
  PRIMARY KEY (`order_item_id`),
  KEY `order_id` (`order_id`),
  KEY `menu_id` (`menu_id`),
  KEY `idx_order_item_order` (`order_id`),
  KEY `idx_order_item_menu` (`menu_id`),
  CONSTRAINT `order_item_ibfk_1` FOREIGN KEY (`order_id`) REFERENCES `orders` (`order_id`),
  CONSTRAINT `order_item_ibfk_2` FOREIGN KEY (`menu_id`) REFERENCES `menu_item` (`menu_id`)
) ENGINE=InnoDB AUTO_INCREMENT=138 DEFAULT CHARSET=utf8mb4 COLLATE=utf8mb4_unicode_ci;

-- order_item 데이터
INSERT INTO `order_item` (`order_item_id`, `order_id`, `menu_id`, `quantity`, `unit_price`, `line_amount`) VALUES
	(1, 13, 14, 1, 5000, 5500),
	(2, 90, 7, 1, 3500, 3500),
	(3, 90, 17, 1, 5200, 5200),
	(4, 90, 11, 1, 5200, 5200),
	(5, 46, 12, 1, 5200, 5200),
	(6, 46, 23, 1, 4800, 4800),
	(7, 66, 10, 1, 5500, 5500),
	(8, 4, 30, 1, 5000, 5000),
	(9, 45, 4, 1, 5000, 5000),
	(10, 45, 19, 1, 5500, 5500),
	(11, 80, 17, 1, 5200, 5200),
	(12, 80, 21, 1, 5000, 5000),
	(13, 56, 12, 1, 5200, 5200),
	(14, 56, 25, 1, 4500, 4500),
	(15, 56, 5, 1, 5000, 5500),
	(16, 47, 7, 1, 3500, 4000),
	(17, 47, 18, 1, 5200, 5200),
	(18, 11, 24, 1, 4500, 4500),
	(19, 67, 8, 1, 4500, 4500),
	(20, 67, 9, 1, 4800, 4800),
	(21, 40, 26, 1, 5500, 5500),
	(22, 59, 28, 1, 4500, 4500),
	(23, 59, 20, 1, 5000, 5000),
	(24, 53, 14, 1, 5000, 5000),
	(25, 73, 17, 1, 5200, 5200),
	(26, 44, 21, 1, 5000, 5000),
	(27, 60, 4, 1, 5000, 5000),
	(28, 50, 5, 1, 5000, 5500),
	(29, 78, 4, 1, 5000, 5000),
	(30, 36, 5, 1, 5000, 5000),
	(31, 3, 24, 1, 4500, 4500),
	(32, 3, 5, 1, 5000, 5500),
	(33, 55, 11, 1, 5200, 5200),
	(34, 35, 10, 1, 5500, 5500),
	(35, 76, 16, 1, 5000, 5000),
	(36, 76, 4, 1, 5000, 5000),
	(37, 76, 25, 1, 4500, 4500),
	(38, 31, 30, 1, 5000, 5000),
	(39, 27, 20, 1, 5000, 5000),
	(40, 82, 28, 1, 4500, 4500),
	(41, 70, 19, 1, 5500, 6000),
	(42, 70, 2, 1, 4500, 4500),
	(43, 70, 20, 1, 5000, 5000),
	(44, 37, 23, 1, 4800, 4800),
	(45, 57, 10, 1, 5500, 5500),
	(46, 51, 20, 1, 5000, 5000),
	(47, 54, 15, 1, 5500, 5500),
	(48, 30, 27, 1, 6000, 6000),
	(49, 30, 7, 1, 3500, 3500),
	(50, 24, 4, 1, 5000, 5000),
	(51, 24, 12, 1, 5200, 5200),
	(52, 24, 24, 1, 4500, 4500),
	(53, 71, 26, 1, 5500, 5500),
	(54, 89, 30, 1, 5000, 5000),
	(55, 38, 9, 1, 4800, 4800),
	(56, 49, 16, 1, 5000, 5000),
	(57, 9, 1, 1, 4000, 4000),
	(58, 9, 4, 1, 5000, 5000),
	(59, 8, 15, 1, 5500, 5500),
	(60, 84, 28, 1, 4500, 4500),
	(61, 84, 26, 1, 5500, 5500),
	(62, 84, 21, 1, 5000, 5000),
	(63, 21, 14, 1, 5000, 5000),
	(64, 34, 29, 1, 7000, 7000),
	(65, 5, 2, 1, 4500, 5000),
	(66, 5, 21, 1, 5000, 5000),
	(67, 32, 15, 1, 5500, 5500),
	(68, 7, 30, 1, 5000, 5000),
	(69, 7, 6, 1, 5000, 5500),
	(70, 85, 6, 1, 5000, 5500),
	(71, 39, 18, 1, 5200, 5200),
	(72, 69, 17, 1, 5200, 5200),
	(73, 23, 2, 1, 4500, 4500),
	(74, 43, 27, 1, 6000, 6000),
	(75, 62, 2, 1, 4500, 4500),
	(76, 62, 30, 1, 5000, 5000),
	(77, 41, 15, 1, 5500, 5500),
	(78, 41, 29, 1, 7000, 7000),
	(79, 86, 19, 1, 5500, 6000),
	(80, 86, 24, 1, 4500, 4500),
	(81, 86, 22, 1, 5500, 6000),
	(82, 68, 12, 1, 5200, 5200),
	(83, 17, 7, 1, 3500, 3500),
	(84, 29, 10, 1, 5500, 5500),
	(85, 74, 13, 1, 4500, 4500),
	(86, 74, 24, 1, 4500, 4500),
	(87, 64, 4, 1, 5000, 5000),
	(88, 64, 6, 1, 5000, 5000),
	(89, 64, 21, 1, 5000, 5000),
	(90, 87, 19, 1, 5500, 5500),
	(91, 20, 14, 1, 5000, 5500),
	(92, 18, 23, 1, 4800, 4800),
	(93, 25, 22, 1, 5500, 5500),
	(94, 77, 11, 1, 5200, 5200),
	(95, 77, 9, 1, 4800, 4800),
	(96, 58, 4, 1, 5000, 5000),
	(97, 58, 29, 1, 7000, 7000),
	(98, 58, 23, 1, 4800, 4800),
	(99, 65, 4, 1, 5000, 5000),
	(100, 65, 19, 1, 5500, 6000),
	(101, 1, 2, 1, 4500, 4500),
	(102, 1, 1, 1, 4000, 4500),
	(103, 2, 5, 1, 5000, 5500),
	(104, 22, 30, 1, 5000, 5000),
	(105, 12, 25, 1, 4500, 4500),
	(106, 79, 2, 1, 4500, 4500),
	(107, 42, 6, 1, 5000, 5500),
	(108, 75, 5, 1, 5000, 5000),
	(109, 75, 27, 1, 6000, 6000),
	(110, 14, 26, 1, 5500, 5500),
	(111, 15, 15, 1, 5500, 5500),
	(112, 19, 13, 1, 4500, 4500),
	(113, 19, 30, 1, 5000, 5000),
	(114, 19, 3, 1, 4500, 5000),
	(115, 10, 17, 1, 5200, 5200),
	(116, 10, 5, 1, 5000, 6000),
	(117, 6, 16, 1, 5000, 5000),
	(118, 88, 2, 1, 4500, 4500),
	(119, 88, 24, 1, 4500, 4500),
	(120, 88, 18, 1, 5200, 5200),
	(121, 28, 20, 1, 5000, 5000),
	(122, 28, 13, 1, 4500, 4500),
	(123, 48, 11, 1, 5200, 5200),
	(124, 61, 27, 1, 6000, 6000),
	(125, 61, 19, 1, 5500, 6000),
	(126, 16, 29, 1, 7000, 7000),
	(127, 52, 25, 1, 4500, 4500),
	(128, 33, 6, 1, 5000, 5500),
	(129, 72, 4, 1, 5000, 5000),
	(130, 63, 28, 1, 4500, 4500),
	(131, 63, 18, 1, 5200, 5200),
	(132, 26, 1, 1, 4000, 4000),
	(133, 26, 23, 1, 4800, 4800),
	(134, 26, 11, 1, 5200, 5200),
	(135, 83, 17, 1, 5200, 5200),
	(136, 81, 8, 1, 4500, 4500),
	(137, 81, 10, 1, 5500, 5500);


-- 테이블 nok_nok.order_item_option 구조 내보내기
CREATE TABLE IF NOT EXISTS `order_item_option` (
  `order_item_option_id` bigint(20) NOT NULL AUTO_INCREMENT,
  `order_item_id` bigint(20) NOT NULL,
  `option_item_id` bigint(20) NOT NULL,
  `extra_price` int(11) NOT NULL COMMENT '옵션 금액',
  `option_quantity` int(11) NOT NULL COMMENT '옵션 수량',
  PRIMARY KEY (`order_item_option_id`),
  KEY `order_item_id` (`order_item_id`),
  KEY `option_item_id` (`option_item_id`),
  CONSTRAINT `order_item_option_ibfk_1` FOREIGN KEY (`order_item_id`) REFERENCES `order_item` (`order_item_id`),
  CONSTRAINT `order_item_option_ibfk_2` FOREIGN KEY (`option_item_id`) REFERENCES `option_item` (`option_item_id`)
) ENGINE=InnoDB AUTO_INCREMENT=236 DEFAULT CHARSET=utf8mb4 COLLATE=utf8mb4_unicode_ci;

-- 테이블 데이터 nok_nok.order_item_option:~48 rows (대략적) 내보내기
INSERT INTO `order_item_option` (`order_item_option_id`, `order_item_id`, `option_item_id`, `extra_price`, `option_quantity`) VALUES
	(1, 1, 21, 0, 1),
	(2, 1, 73, 0, 1),
	(3, 1, 144, 500, 1),
	(4, 3, 82, 0, 1),
	(5, 4, 15, 0, 1),
	(6, 4, 64, 0, 1),
	(7, 5, 17, 0, 1),
	(8, 5, 67, 0, 1),
	(9, 6, 31, 0, 1),
	(10, 6, 100, 0, 1),
	(11, 7, 61, 0, 1),
	(12, 9, 7, 0, 1),
	(13, 9, 46, 0, 1),
	(14, 10, 23, 0, 1),
	(15, 10, 88, 0, 1),
	(16, 11, 82, 0, 1),
	(17, 12, 27, 0, 1),
	(18, 12, 94, 0, 1),
	(19, 13, 17, 0, 1),
	(20, 13, 67, 0, 1),
	(21, 14, 35, 0, 1),
	(22, 14, 106, 0, 1),
	(23, 15, 9, 0, 1),
	(24, 15, 49, 0, 1),
	(25, 15, 127, 500, 1),
	(26, 16, 128, 500, 1),
	(27, 17, 85, 0, 1),
	(28, 18, 33, 0, 1),
	(29, 18, 103, 0, 1),
	(30, 19, 55, 0, 1),
	(31, 19, 114, 0, 1),
	(32, 20, 13, 0, 1),
	(33, 20, 58, 0, 1),
	(34, 23, 25, 0, 1),
	(35, 23, 91, 0, 1),
	(36, 23, 147, 0, 1),
	(37, 24, 21, 0, 1),
	(38, 24, 73, 0, 1),
	(39, 24, 143, 0, 1),
	(40, 25, 82, 0, 1),
	(41, 25, 120, 0, 1),
	(42, 26, 27, 0, 1),
	(43, 26, 94, 0, 1),
	(44, 27, 7, 0, 1),
	(45, 27, 46, 0, 1),
	(46, 28, 9, 0, 1),
	(47, 28, 49, 0, 1),
	(48, 28, 127, 500, 1),
	(49, 28, 135, 0, 1),
	(50, 29, 7, 0, 1),
	(51, 29, 46, 0, 1),
	(52, 29, 133, 0, 1),
	(53, 30, 9, 0, 1),
	(54, 30, 49, 0, 1),
	(55, 31, 33, 0, 1),
	(56, 31, 103, 0, 1),
	(57, 32, 9, 0, 1),
	(58, 32, 49, 0, 1),
	(59, 32, 127, 500, 1),
	(60, 32, 135, 0, 1),
	(61, 33, 15, 0, 1),
	(62, 33, 64, 0, 1),
	(63, 34, 61, 0, 1),
	(64, 35, 79, 0, 1),
	(65, 36, 7, 0, 1),
	(66, 36, 46, 0, 1),
	(67, 37, 35, 0, 1),
	(68, 37, 106, 0, 1),
	(69, 39, 25, 0, 1),
	(70, 39, 91, 0, 1),
	(71, 41, 23, 0, 1),
	(72, 41, 88, 0, 1),
	(73, 41, 146, 500, 1),
	(74, 42, 3, 0, 1),
	(75, 42, 40, 0, 1),
	(76, 43, 25, 0, 1),
	(77, 43, 91, 0, 1),
	(78, 44, 31, 0, 1),
	(79, 44, 100, 0, 1),
	(80, 45, 61, 0, 1),
	(81, 46, 25, 0, 1),
	(82, 46, 91, 0, 1),
	(83, 47, 76, 0, 1),
	(84, 50, 7, 0, 1),
	(85, 50, 46, 0, 1),
	(86, 50, 133, 0, 1),
	(87, 51, 17, 0, 1),
	(88, 51, 67, 0, 1),
	(89, 52, 33, 0, 1),
	(90, 52, 103, 0, 1),
	(91, 55, 13, 0, 1),
	(92, 55, 58, 0, 1),
	(93, 56, 79, 0, 1),
	(94, 56, 115, 0, 1),
	(95, 57, 1, 0, 1),
	(96, 57, 37, 0, 1),
	(97, 57, 110, 0, 1),
	(98, 58, 7, 0, 1),
	(99, 58, 46, 0, 1),
	(100, 59, 76, 0, 1),
	(101, 62, 27, 0, 1),
	(102, 62, 94, 0, 1),
	(103, 63, 21, 0, 1),
	(104, 63, 73, 0, 1),
	(105, 65, 3, 0, 1),
	(106, 65, 40, 0, 1),
	(107, 65, 125, 500, 1),
	(108, 65, 129, 0, 1),
	(109, 66, 27, 0, 1),
	(110, 66, 94, 0, 1),
	(111, 67, 76, 0, 1),
	(112, 69, 11, 0, 1),
	(113, 69, 52, 0, 1),
	(114, 69, 138, 500, 1),
	(115, 70, 11, 0, 1),
	(116, 70, 52, 0, 1),
	(117, 70, 138, 500, 1),
	(118, 71, 85, 0, 1),
	(119, 72, 82, 0, 1),
	(120, 72, 118, 0, 1),
	(121, 73, 3, 0, 1),
	(122, 73, 40, 0, 1),
	(123, 73, 129, 0, 1),
	(124, 75, 3, 0, 1),
	(125, 75, 40, 0, 1),
	(126, 77, 76, 0, 1),
	(127, 79, 23, 0, 1),
	(128, 79, 88, 0, 1),
	(129, 79, 146, 500, 1),
	(130, 80, 33, 0, 1),
	(131, 80, 103, 0, 1),
	(132, 81, 29, 0, 1),
	(133, 81, 97, 0, 1),
	(134, 81, 150, 500, 1),
	(135, 82, 17, 0, 1),
	(136, 82, 67, 0, 1),
	(137, 84, 61, 0, 1),
	(138, 85, 19, 0, 1),
	(139, 85, 70, 0, 1),
	(140, 86, 33, 0, 1),
	(141, 86, 103, 0, 1),
	(142, 87, 7, 0, 1),
	(143, 87, 46, 0, 1),
	(144, 88, 11, 0, 1),
	(145, 88, 52, 0, 1),
	(146, 89, 27, 0, 1),
	(147, 89, 94, 0, 1),
	(148, 90, 23, 0, 1),
	(149, 90, 88, 0, 1),
	(150, 91, 21, 0, 1),
	(151, 91, 73, 0, 1),
	(152, 91, 144, 500, 1),
	(153, 92, 31, 0, 1),
	(154, 92, 100, 0, 1),
	(155, 93, 29, 0, 1),
	(156, 93, 97, 0, 1),
	(157, 93, 149, 0, 1),
	(158, 94, 15, 0, 1),
	(159, 94, 64, 0, 1),
	(160, 95, 13, 0, 1),
	(161, 95, 58, 0, 1),
	(162, 96, 7, 0, 1),
	(163, 96, 46, 0, 1),
	(164, 96, 133, 0, 1),
	(165, 98, 31, 0, 1),
	(166, 98, 100, 0, 1),
	(167, 99, 7, 0, 1),
	(168, 99, 46, 0, 1),
	(169, 100, 23, 0, 1),
	(170, 100, 88, 0, 1),
	(171, 100, 146, 500, 1),
	(172, 101, 3, 0, 1),
	(173, 101, 40, 0, 1),
	(174, 102, 1, 0, 1),
	(175, 102, 37, 0, 1),
	(176, 102, 111, 0, 1),
	(177, 102, 124, 500, 1),
	(178, 103, 9, 0, 1),
	(179, 103, 49, 0, 1),
	(180, 103, 127, 500, 1),
	(181, 105, 35, 0, 1),
	(182, 105, 106, 0, 1),
	(183, 106, 3, 0, 1),
	(184, 106, 40, 0, 1),
	(185, 107, 11, 0, 1),
	(186, 107, 52, 0, 1),
	(187, 107, 138, 500, 1),
	(188, 108, 9, 0, 1),
	(189, 108, 49, 0, 1),
	(190, 108, 135, 0, 1),
	(191, 111, 76, 0, 1),
	(192, 112, 19, 0, 1),
	(193, 112, 70, 0, 1),
	(194, 114, 5, 0, 1),
	(195, 114, 43, 0, 1),
	(196, 114, 132, 500, 1),
	(197, 115, 82, 0, 1),
	(198, 116, 9, 0, 1),
	(199, 116, 49, 0, 1),
	(200, 116, 127, 500, 1),
	(201, 116, 136, 500, 1),
	(202, 117, 79, 0, 1),
	(203, 118, 3, 0, 1),
	(204, 118, 40, 0, 1),
	(205, 119, 33, 0, 1),
	(206, 119, 103, 0, 1),
	(207, 120, 85, 0, 1),
	(208, 120, 121, 0, 1),
	(209, 121, 25, 0, 1),
	(210, 121, 91, 0, 1),
	(211, 122, 19, 0, 1),
	(212, 122, 70, 0, 1),
	(213, 123, 15, 0, 1),
	(214, 123, 64, 0, 1),
	(215, 125, 23, 0, 1),
	(216, 125, 88, 0, 1),
	(217, 125, 146, 500, 1),
	(218, 127, 35, 0, 1),
	(219, 127, 106, 0, 1),
	(220, 128, 11, 0, 1),
	(221, 128, 52, 0, 1),
	(222, 128, 138, 500, 1),
	(223, 129, 7, 0, 1),
	(224, 129, 46, 0, 1),
	(225, 131, 85, 0, 1),
	(226, 132, 1, 0, 1),
	(227, 132, 37, 0, 1),
	(228, 132, 109, 0, 1),
	(229, 133, 31, 0, 1),
	(230, 133, 100, 0, 1),
	(231, 134, 15, 0, 1),
	(232, 134, 64, 0, 1),
	(233, 135, 82, 0, 1),
	(234, 136, 55, 0, 1),
	(235, 137, 61, 0, 1);


-- 테이블 nok_nok.ad_content 구조 내보내기
CREATE TABLE IF NOT EXISTS `ad_content` (
  `ad_id` bigint(20) NOT NULL AUTO_INCREMENT,
  `title` varchar(50) NOT NULL COMMENT '광고 이름',
  `media_type` varchar(20) NOT NULL COMMENT '이미지 / 비디오',
  `media_url` varchar(255) NOT NULL COMMENT '광고 원본 경로',
  `start_date` date DEFAULT NULL COMMENT '광고 계약 시작 날짜',
  `end_date` date DEFAULT NULL COMMENT '광고 계약 종료 날짜',
  `is_active` tinyint(1) NOT NULL COMMENT '사용 여부',
  PRIMARY KEY (`ad_id`)
) ENGINE=InnoDB AUTO_INCREMENT=11 DEFAULT CHARSET=utf8mb4 COLLATE=utf8mb4_unicode_ci;

-- 테이블 데이터 nok_nok.ad_content:~10 rows (대략적) 내보내기
INSERT INTO `ad_content` (`ad_id`, `title`, `media_type`, `media_url`, `start_date`, `end_date`, `is_active`) VALUES
	(1, '블랙핑크 펩시', 'IMAGE', '/images/ads/blackpink_x_pepsi.jpg', '2025-12-01', '2026-12-31', 1),
	(2, '포카리스웨트', 'IMAGE', '/images/ads/pocari.jpg', '2025-12-01', '2026-12-31', 1),
	(3, '시니어 전용 할인', 'IMAGE', '/images/ads/senior_discount.png', '2025-12-01', '2026-12-31', 1),
	(4, 'G63 벤츠', 'IMAGE', '/images/ads/G63_Poster.jpg', '2025-12-01', '2026-12-15', 1),
	(5, '신메뉴 출시 - 흑당라떼', 'IMAGE', '/images/ads/new_menu_brown_sugar.png', '2025-12-01', '2026-12-31', 1),
	(6, '크리스마스 특별 세트', 'IMAGE', '/images/ads/christmas_special.png', '2025-12-10', '2026-12-25', 1),
	(7, '여성 고객 베이커리 할인', 'IMAGE', '/images/ads/bakery_women_discount.png', '2025-12-01', '2026-12-31', 1),
	(8, '브런치 메뉴 출시', 'IMAGE', '/images/ads/brunch_launch.png', '2025-12-01', '2026-12-31', 1),
	(9, '학생 할인 이벤트', 'IMAGE', '/images/ads/student_discount.png', '2025-12-01', '2026-12-31', 1),
	(10, '주말 특별 프로모션', 'IMAGE', '/images/ads/weekend_special.png', '2025-12-01', '2026-12-31', 1);

-- 테이블 nok_nok.ad_target_rule 구조 내보내기
CREATE TABLE IF NOT EXISTS `ad_target_rule` (
  `rule_id` bigint(20) NOT NULL AUTO_INCREMENT,
  `ad_id` bigint(20) NOT NULL,
  `age_group` varchar(20) DEFAULT NULL COMMENT '타겟 나이',
  `gender` enum('M','F') DEFAULT NULL COMMENT '타겟 성별 남성/여성',
  PRIMARY KEY (`rule_id`),
  KEY `ad_id` (`ad_id`),
  CONSTRAINT `ad_target_rule_ibfk_1` FOREIGN KEY (`ad_id`) REFERENCES `ad_content` (`ad_id`)
) ENGINE=InnoDB AUTO_INCREMENT=22 DEFAULT CHARSET=utf8mb4 COLLATE=utf8mb4_unicode_ci;

-- 테이블 데이터 nok_nok.ad_target_rule:~21 rows (대략적) 내보내기
INSERT INTO `ad_target_rule` (`rule_id`, `ad_id`, `age_group`, `gender`) VALUES
  (1, 1, NULL, NULL),
	(2, 2, NULL, NULL),
	(3, 3, '50대이상', NULL),
	(4, 4, NULL, 'M'),
	(5, 5, NULL, NULL),
	(6, 6, NULL, NULL),
	(7, 7, NULL, 'F'),
	(8, 8, '20대', NULL),
	(9, 8, '30대', NULL),
	(10, 9, '10대', NULL),
	(11, 9, '20대', NULL),
	(12, 10, NULL, NULL);

-- 테이블 nok_nok.ad_display_log 구조 내보내기
CREATE TABLE IF NOT EXISTS `ad_display_log` (
  `display_id` bigint(20) NOT NULL AUTO_INCREMENT,
  `ad_id` bigint(20) NOT NULL,
  `displayed_at` datetime NOT NULL COMMENT '표시 시작 시간',
  `duration_ms` int(11) DEFAULT NULL COMMENT '노출 시간',
  PRIMARY KEY (`display_id`),
  KEY `ad_id` (`ad_id`),
  KEY `idx_ad_log_ad` (`ad_id`),
  KEY `idx_ad_log_displayed` (`displayed_at`),
  CONSTRAINT `ad_display_log_ibfk_1` FOREIGN KEY (`ad_id`) REFERENCES `ad_content` (`ad_id`)
) ENGINE=InnoDB AUTO_INCREMENT=51 DEFAULT CHARSET=utf8mb4 COLLATE=utf8mb4_unicode_ci;

-- 테이블 데이터 nok_nok.ad_display_log:~50 rows (대략적) 내보내기
INSERT INTO `ad_display_log` (`display_id`, `ad_id`, `displayed_at`, `duration_ms`) VALUES
	(1, 9, '2025-12-23 10:01:00', 8000),
	(2, 2, '2025-12-23 10:06:00', 10000),
	(3, 4, '2025-12-23 10:11:00', 7500),
	(4, 3, '2025-12-23 10:16:00', 12000),
	(5, 5, '2025-12-23 10:21:00', 15000),
	(6, 4, '2025-12-23 10:26:00', 8500),
	(7, 2, '2025-12-23 10:31:00', 9000),
	(8, 4, '2025-12-23 10:36:00', 7000),
	(9, 3, '2025-12-23 10:41:00', 11000),
	(10, 2, '2025-12-23 10:46:00', 9500),
	(11, 8, '2025-12-23 10:51:00', 20000),
	(12, 5, '2025-12-23 10:56:00', 12000),
	(13, 4, '2025-12-23 11:01:00', 8000),
	(14, 8, '2025-12-23 11:06:00', 18000),
	(15, 3, '2025-12-23 11:11:00', 10000),
	(16, 4, '2025-12-23 11:16:00', 7500),
	(17, 5, '2025-12-23 11:21:00', 13000),
	(18, 8, '2025-12-23 11:26:00', 19000),
	(19, 9, '2025-12-23 11:31:00', 8000),
	(20, 3, '2025-12-23 11:36:00', 11500),
	(21, 4, '2025-12-23 11:41:00', 8200),
	(22, 2, '2025-12-23 11:46:00', 9300),
	(23, 9, '2025-12-23 11:51:00', 7800),
	(24, 8, '2025-12-23 11:56:00', 17000),
	(25, 8, '2025-12-23 12:01:00', 16500),
	(26, 5, '2025-12-23 12:06:00', 12500),
	(27, 3, '2025-12-23 12:11:00', 10500),
	(28, 4, '2025-12-23 12:16:00', 8300),
	(29, 2, '2025-12-23 12:21:00', 9200),
	(30, 4, '2025-12-23 12:26:00', 7900),
	(31, 5, '2025-12-23 12:31:00', 13500),
	(32, 8, '2025-12-23 12:36:00', 18500),
	(33, 9, '2025-12-23 12:41:00', 8100),
	(34, 3, '2025-12-23 12:46:00', 11200),
	(35, 2, '2025-12-23 12:51:00', 9400),
	(36, 2, '2025-12-23 12:56:00', 9100),
	(37, 5, '2025-12-23 13:01:00', 12800),
	(38, 4, '2025-12-23 13:06:00', 8400),
	(39, 8, '2025-12-23 13:11:00', 17500),
	(40, 4, '2025-12-23 13:16:00', 7700),
	(41, 3, '2025-12-23 13:21:00', 10800),
	(42, 5, '2025-12-23 13:26:00', 13200),
	(43, 2, '2025-12-23 13:31:00', 9600),
	(44, 9, '2025-12-23 13:36:00', 8200),
	(45, 4, '2025-12-23 13:41:00', 8100),
	(46, 2, '2025-12-23 13:46:00', 9300),
	(47, 9, '2025-12-23 13:51:00', 7900),
	(48, 3, '2025-12-23 13:53:00', 11000),
	(49, 5, '2025-12-23 13:55:00', 12600),
	(50, 4, '2025-12-23 13:58:00', 8000);

/*!40103 SET TIME_ZONE=IFNULL(@OLD_TIME_ZONE, 'system') */;
/*!40101 SET SQL_MODE=IFNULL(@OLD_SQL_MODE, '') */;
/*!40014 SET FOREIGN_KEY_CHECKS=IFNULL(@OLD_FOREIGN_KEY_CHECKS, 1) */;
/*!40101 SET CHARACTER_SET_CLIENT=@OLD_CHARACTER_SET_CLIENT */;
/*!40111 SET SQL_NOTES=IFNULL(@OLD_SQL_NOTES, 1) */;