-- ============================================
-- NokNok 키오스크 더미데이터
-- 고정 시간 포함 (2025-12-23 기준)
-- order_type 추가 (매장식사/포장)
-- ============================================

SET FOREIGN_KEY_CHECKS = 0;

-- ============================================
-- 1. 카테고리
-- ============================================
INSERT INTO `category` (`category_id`, `name`, `display_order`) VALUES
(1, '커피', 1),
(2, '음료', 2),
(3, '디저트', 3);

-- ============================================
-- 2. 매장
-- ============================================
INSERT INTO `store` (`store_id`, `name`, `code`, `address`, `is_active`, `created_at`) VALUES
(1, '강남 1호점', 'GN01', '서울시 강남구 테헤란로 123', 1, '2025-12-23 09:00:00'),
(2, '홍대 1호점', 'HD01', '서울시 마포구 홍대입구로 45', 1, '2025-12-23 09:00:00'),
(3, '신촌 1호점', 'SC01', '서울시 서대문구 신촌역로 89', 1, '2025-12-23 09:00:00'),
(4, '잠실 1호점', 'JS01', '서울시 송파구 올림픽로 567', 1, '2025-12-23 09:00:00'),
(5, '명동 1호점', 'MD01', '서울시 중구 명동길 234', 1, '2025-12-23 09:00:00');

-- ============================================
-- 3. 키오스크
-- ============================================
INSERT INTO `kiosk` (`kiosk_id`, `store_id`, `kiosk_code`, `password`, `location`, `is_active`, `created_at`) VALUES
(1, 1, 'GN01-K01', 'pw1001', '입구', 1, '2025-12-23 09:00:00'),
(2, 1, 'GN01-K02', 'pw1002', '창가', 1, '2025-12-23 09:00:00'),
(3, 2, 'HD01-K01', 'pw2001', '입구', 1, '2025-12-23 09:00:00'),
(4, 2, 'HD01-K02', 'pw2002', '내부', 1, '2025-12-23 09:00:00'),
(5, 3, 'SC01-K01', 'pw3001', '입구', 1, '2025-12-23 09:00:00'),
(6, 3, 'SC01-K02', 'pw3002', '2층', 1, '2025-12-23 09:00:00'),
(7, 4, 'JS01-K01', 'pw4001', '입구', 1, '2025-12-23 09:00:00'),
(8, 4, 'JS01-K02', 'pw4002', '푸드코트', 1, '2025-12-23 09:00:00'),
(9, 4, 'JS01-K03', 'pw4003', '외부', 1, '2025-12-23 09:00:00'),
(10, 5, 'MD01-K01', 'pw5001', '1층', 1, '2025-12-23 09:00:00'),
(11, 5, 'MD01-K02', 'pw5002', '2층', 1, '2025-12-23 09:00:00');

-- ============================================
-- 4. 관리자
-- ============================================
INSERT INTO `admin_user` (`admin_id`, `store_id`, `username`, `password`, `is_active`, `created_at`) VALUES
(1, 1, 'gn_admin', 'admin1234', 1, '2025-12-23 09:00:00'),
(2, 1, 'gn_manager', 'manager1234', 1, '2025-12-23 09:00:00'),
(3, 2, 'hd_admin', 'admin1234', 1, '2025-12-23 09:00:00'),
(4, 3, 'sc_admin', 'admin1234', 1, '2025-12-23 09:00:00'),
(5, 4, 'js_admin', 'admin1234', 1, '2025-12-23 09:00:00'),
(6, 4, 'js_manager', 'manager1234', 1, '2025-12-23 09:00:00'),
(7, 5, 'md_admin', 'admin1234', 1, '2025-12-23 09:00:00');

-- ============================================
-- 5. 메뉴 아이템
-- ============================================
INSERT INTO `menu_item` (`menu_id`, `category_id`, `name`, `price`, `is_active`, `image_url`) VALUES
(1, 1, '아메리카노', 4000, 1, '/images/menu/americano.png'),
(2, 1, '카페라떼', 4500, 1, '/images/menu/cafe_latte.png'),
(3, 1, '카푸치노', 4500, 1, '/images/menu/cappuccino.png'),
(4, 1, '카라멜 마키아또', 5000, 1, '/images/menu/caramel_macchiato.png'),
(5, 1, '바닐라 라떼', 5000, 1, '/images/menu/vanilla_latte.png'),
(6, 1, '카페모카', 5000, 1, '/images/menu/cafe_mocha.png'),
(7, 1, '에스프레소', 3500, 1, '/images/menu/espresso.png'),
(8, 1, '콜드브루', 4500, 1, '/images/menu/coldbrew.png'),
(9, 1, '플랫화이트', 4800, 1, '/images/menu/flatwhite.png'),
(10, 1, '아인슈페너', 5500, 1, '/images/menu/einspanner.png'),
(11, 1, '헤이즐넛 라떼', 5200, 1, '/images/menu/hazelnut_latte.png'),
(12, 1, '연유 라떼', 5200, 1, '/images/menu/condensed_milk_latte.png'),
(13, 1, '디카페인 아메리카노', 4500, 1, '/images/menu/decaf_americano.png'),
(14, 1, '디카페인 라떼', 5000, 1, '/images/menu/decaf_latte.png'),
(15, 1, '더치커피', 5500, 1, '/images/menu/dutch_coffee.png'),
(16, 2, '레몬에이드', 5000, 1, '/images/menu/lemon_ade.png'),
(17, 2, '자몽에이드', 5200, 1, '/images/menu/grapefruit_ade.png'),
(18, 2, '청포도에이드', 5200, 1, '/images/menu/green_grape_ade.png'),
(19, 2, '딸기라떼', 5500, 1, '/images/menu/strawberry_latte.png'),
(20, 2, '초코라떼', 5000, 1, '/images/menu/choco_latte.png'),
(21, 2, '녹차라떼', 5000, 1, '/images/menu/green_tea_latte.png'),
(22, 2, '흑당라떼', 5500, 1, '/images/menu/brown_sugar_latte.png'),
(23, 2, '밀크티', 4800, 1, '/images/menu/milk_tea.png'),
(24, 2, '유자차', 4500, 1, '/images/menu/citron_tea.png'),
(25, 2, '페퍼민트', 4500, 1, '/images/menu/peppermint.png'),
(26, 3, '치즈케이크', 5500, 1, '/images/menu/cheese_cake.png'),
(27, 3, '티라미수', 6000, 1, '/images/menu/tiramisu.png'),
(28, 3, '초코 브라우니', 4500, 1, '/images/menu/choco_brownie.png'),
(29, 3, '마카롱 세트', 7000, 1, '/images/menu/macaron_set.png'),
(30, 3, '쿠키 세트', 5000, 1, '/images/menu/cookie_set.png');

-- ============================================
-- 6. 옵션 그룹
-- ============================================
INSERT INTO `option_group` (`option_group_id`, `menu_id`, `name`, `is_required`, `selection_type`) VALUES
(1, 1, '온도', 1, 'SINGLE'),
(2, 1, '사이즈', 1, 'SINGLE'),
(3, 1, '얼음량', 0, 'SINGLE'),
(4, 1, '샷 추가', 0, 'MULTI'),
(5, 2, '온도', 1, 'SINGLE'),
(6, 2, '사이즈', 1, 'SINGLE'),
(7, 2, '샷 추가', 0, 'MULTI'),
(8, 2, '시럽 추가', 0, 'MULTI'),
(9, 3, '온도', 1, 'SINGLE'),
(10, 3, '사이즈', 1, 'SINGLE'),
(11, 3, '샷 추가', 0, 'MULTI'),
(12, 4, '온도', 1, 'SINGLE'),
(13, 4, '사이즈', 1, 'SINGLE'),
(14, 5, '온도', 1, 'SINGLE'),
(15, 5, '사이즈', 1, 'SINGLE'),
(16, 5, '샷 추가', 0, 'MULTI'),
(17, 6, '온도', 1, 'SINGLE'),
(18, 6, '사이즈', 1, 'SINGLE'),
(19, 7, '샷 추가', 0, 'MULTI'),
(20, 8, '사이즈', 1, 'SINGLE'),
(21, 8, '얼음량', 0, 'SINGLE'),
(22, 9, '온도', 1, 'SINGLE'),
(23, 9, '사이즈', 1, 'SINGLE'),
(24, 10, '사이즈', 1, 'SINGLE'),
(25, 11, '온도', 1, 'SINGLE'),
(26, 11, '사이즈', 1, 'SINGLE'),
(27, 12, '온도', 1, 'SINGLE'),
(28, 12, '사이즈', 1, 'SINGLE'),
(29, 13, '온도', 1, 'SINGLE'),
(30, 13, '사이즈', 1, 'SINGLE'),
(31, 14, '온도', 1, 'SINGLE'),
(32, 14, '사이즈', 1, 'SINGLE'),
(33, 15, '사이즈', 1, 'SINGLE'),
(34, 16, '사이즈', 1, 'SINGLE'),
(35, 16, '얼음량', 0, 'SINGLE'),
(36, 17, '사이즈', 1, 'SINGLE'),
(37, 17, '얼음량', 0, 'SINGLE'),
(38, 18, '사이즈', 1, 'SINGLE'),
(39, 18, '얼음량', 0, 'SINGLE'),
(40, 19, '온도', 1, 'SINGLE'),
(41, 19, '사이즈', 1, 'SINGLE'),
(42, 20, '온도', 1, 'SINGLE'),
(43, 20, '사이즈', 1, 'SINGLE'),
(44, 21, '온도', 1, 'SINGLE'),
(45, 21, '사이즈', 1, 'SINGLE'),
(46, 22, '온도', 1, 'SINGLE'),
(47, 22, '사이즈', 1, 'SINGLE'),
(48, 23, '온도', 1, 'SINGLE'),
(49, 23, '사이즈', 1, 'SINGLE'),
(50, 24, '온도', 1, 'SINGLE'),
(51, 24, '사이즈', 1, 'SINGLE'),
(52, 25, '온도', 1, 'SINGLE'),
(53, 25, '사이즈', 1, 'SINGLE');

-- ============================================
-- 7. 옵션 아이템
-- ============================================
INSERT INTO `option_item` (`option_item_id`, `option_group_id`, `name`, `option_price`) VALUES
(1, 1, 'HOT', 0),
(2, 1, 'ICE', 0),
(3, 5, 'HOT', 0),
(4, 5, 'ICE', 0),
(5, 9, 'HOT', 0),
(6, 9, 'ICE', 0),
(7, 12, 'HOT', 0),
(8, 12, 'ICE', 0),
(9, 14, 'HOT', 0),
(10, 14, 'ICE', 0),
(11, 17, 'HOT', 0),
(12, 17, 'ICE', 0),
(13, 22, 'HOT', 0),
(14, 22, 'ICE', 0),
(15, 25, 'HOT', 0),
(16, 25, 'ICE', 0),
(17, 27, 'HOT', 0),
(18, 27, 'ICE', 0),
(19, 29, 'HOT', 0),
(20, 29, 'ICE', 0),
(21, 31, 'HOT', 0),
(22, 31, 'ICE', 0),
(23, 40, 'HOT', 0),
(24, 40, 'ICE', 0),
(25, 42, 'HOT', 0),
(26, 42, 'ICE', 0),
(27, 44, 'HOT', 0),
(28, 44, 'ICE', 0),
(29, 46, 'HOT', 0),
(30, 46, 'ICE', 0),
(31, 48, 'HOT', 0),
(32, 48, 'ICE', 0),
(33, 50, 'HOT', 0),
(34, 50, 'ICE', 0),
(35, 52, 'HOT', 0),
(36, 52, 'ICE', 0),
(37, 2, 'Regular', 0),
(38, 2, 'Large', 500),
(39, 6, 'Regular', 0),
(40, 6, 'Large', 500),
(41, 10, 'Regular', 0),
(42, 10, 'Large', 500),
(43, 13, 'Regular', 0),
(44, 13, 'Large', 500),
(45, 15, 'Regular', 0),
(46, 15, 'Large', 500),
(47, 18, 'Regular', 0),
(48, 18, 'Large', 500),
(49, 20, 'Regular', 0),
(50, 20, 'Large', 500),
(51, 23, 'Regular', 0),
(52, 23, 'Large', 500),
(53, 24, 'Regular', 0),
(54, 24, 'Large', 500),
(55, 26, 'Regular', 0),
(56, 26, 'Large', 500),
(57, 28, 'Regular', 0),
(58, 28, 'Large', 500),
(59, 30, 'Regular', 0),
(60, 30, 'Large', 500),
(61, 32, 'Regular', 0),
(62, 32, 'Large', 500),
(63, 33, 'Regular', 0),
(64, 33, 'Large', 500),
(65, 34, 'Regular', 0),
(66, 34, 'Large', 500),
(67, 36, 'Regular', 0),
(68, 36, 'Large', 500),
(69, 38, 'Regular', 0),
(70, 38, 'Large', 500),
(71, 41, 'Regular', 0),
(72, 41, 'Large', 500),
(73, 43, 'Regular', 0),
(74, 43, 'Large', 500),
(75, 45, 'Regular', 0),
(76, 45, 'Large', 500),
(77, 47, 'Regular', 0),
(78, 47, 'Large', 500),
(79, 49, 'Regular', 0),
(80, 49, 'Large', 500),
(81, 51, 'Regular', 0),
(82, 51, 'Large', 500),
(83, 53, 'Regular', 0),
(84, 53, 'Large', 500),
(85, 3, '얼음 적게', 0),
(86, 3, '얼음 보통', 0),
(87, 3, '얼음 많이', 0),
(88, 21, '얼음 적게', 0),
(89, 21, '얼음 보통', 0),
(90, 21, '얼음 많이', 0),
(91, 35, '얼음 적게', 0),
(92, 35, '얼음 보통', 0),
(93, 35, '얼음 많이', 0),
(94, 37, '얼음 적게', 0),
(95, 37, '얼음 보통', 0),
(96, 37, '얼음 많이', 0),
(97, 39, '얼음 적게', 0),
(98, 39, '얼음 보통', 0),
(99, 39, '얼음 많이', 0),
(100, 4, '샷 추가', 500),
(101, 7, '샷 추가', 500),
(102, 11, '샷 추가', 500),
(103, 16, '샷 추가', 500),
(104, 19, '샷 추가', 500),
(105, 8, '바닐라 시럽', 500),
(106, 8, '카라멜 시럽', 500),
(107, 8, '헤이즐넛 시럽', 500);

-- ============================================
-- 8. 고객 세션 (50개)
-- ============================================
INSERT INTO `customer_session` (`session_id`, `store_id`, `created_at`, `ended_at`, `age_group`, `gender`, `is_senior_mode`) VALUES
(1, 1, '2025-12-23 10:00:00', '2025-12-23 10:05:00', '20대', 'F', 0),
(2, 1, '2025-12-23 10:05:00', '2025-12-23 10:10:00', '30대', 'M', 0),
(3, 2, '2025-12-23 10:10:00', '2025-12-23 10:15:00', '40대', 'F', 0),
(4, 1, '2025-12-23 10:15:00', '2025-12-23 10:20:00', '60대이상', 'M', 1),
(5, 2, '2025-12-23 10:20:00', '2025-12-23 10:25:00', '20대', 'M', 0),
(6, 3, '2025-12-23 10:25:00', '2025-12-23 10:30:00', '30대', 'F', 0),
(7, 1, '2025-12-23 10:30:00', '2025-12-23 10:35:00', '50대', 'M', 0),
(8, 2, '2025-12-23 10:35:00', '2025-12-23 10:40:00', '20대', 'F', 0),
(9, 3, '2025-12-23 10:40:00', '2025-12-23 10:45:00', '60대이상', 'F', 1),
(10, 4, '2025-12-23 10:45:00', '2025-12-23 10:50:00', '30대', 'M', 0),
(11, 2, '2025-12-23 10:50:00', '2025-12-23 10:55:00', '40대', 'M', 0),
(12, 3, '2025-12-23 10:55:00', '2025-12-23 11:00:00', '20대', 'M', 0),
(13, 4, '2025-12-23 11:00:00', '2025-12-23 11:05:00', '30대', 'F', 0),
(14, 5, '2025-12-23 11:05:00', '2025-12-23 11:10:00', '50대', 'F', 0),
(15, 1, '2025-12-23 11:10:00', '2025-12-23 11:15:00', '60대이상', 'M', 1),
(16, 2, '2025-12-23 11:15:00', '2025-12-23 11:20:00', '20대', 'F', 0),
(17, 3, '2025-12-23 11:20:00', '2025-12-23 11:25:00', '30대', 'M', 0),
(18, 4, '2025-12-23 11:25:00', '2025-12-23 11:30:00', '40대', 'F', 0),
(19, 5, '2025-12-23 11:30:00', '2025-12-23 11:35:00', '20대', 'M', 0),
(20, 1, '2025-12-23 11:35:00', '2025-12-23 11:40:00', '60대이상', 'F', 1),
(21, 2, '2025-12-23 11:40:00', '2025-12-23 11:45:00', '30대', 'F', 0),
(22, 3, '2025-12-23 11:45:00', '2025-12-23 11:50:00', '50대', 'M', 0),
(23, 4, '2025-12-23 11:50:00', '2025-12-23 11:55:00', '20대', 'F', 0),
(24, 5, '2025-12-23 11:55:00', '2025-12-23 12:00:00', '30대', 'M', 0),
(25, 1, '2025-12-23 12:00:00', '2025-12-23 12:05:00', '40대', 'F', 0),
(26, 2, '2025-12-23 12:05:00', '2025-12-23 12:10:00', '20대', 'M', 0),
(27, 3, '2025-12-23 12:10:00', '2025-12-23 12:15:00', '60대이상', 'M', 1),
(28, 4, '2025-12-23 12:15:00', '2025-12-23 12:20:00', '30대', 'F', 0),
(29, 5, '2025-12-23 12:20:00', '2025-12-23 12:25:00', '50대', 'F', 0),
(30, 1, '2025-12-23 12:25:00', '2025-12-23 12:30:00', '20대', 'F', 0),
(31, 2, '2025-12-23 12:30:00', '2025-12-23 12:35:00', '30대', 'M', 0),
(32, 3, '2025-12-23 12:35:00', '2025-12-23 12:40:00', '40대', 'M', 0),
(33, 4, '2025-12-23 12:40:00', '2025-12-23 12:45:00', '20대', 'F', 0),
(34, 5, '2025-12-23 12:45:00', '2025-12-23 12:50:00', '60대이상', 'F', 1),
(35, 1, '2025-12-23 12:50:00', '2025-12-23 12:55:00', '30대', 'M', 0),
(36, 2, '2025-12-23 12:55:00', '2025-12-23 13:00:00', '50대', 'M', 0),
(37, 3, '2025-12-23 13:00:00', '2025-12-23 13:05:00', '20대', 'M', 0),
(38, 4, '2025-12-23 13:05:00', '2025-12-23 13:10:00', '30대', 'F', 0),
(39, 5, '2025-12-23 13:10:00', '2025-12-23 13:15:00', '40대', 'F', 0),
(40, 1, '2025-12-23 13:15:00', '2025-12-23 13:20:00', '20대', 'F', 0),
(41, 2, '2025-12-23 13:20:00', '2025-12-23 13:25:00', '60대이상', 'M', 1),
(42, 3, '2025-12-23 13:25:00', '2025-12-23 13:30:00', '30대', 'M', 0),
(43, 4, '2025-12-23 13:30:00', '2025-12-23 13:35:00', '50대', 'F', 0),
(44, 5, '2025-12-23 13:35:00', '2025-12-23 13:40:00', '20대', 'M', 0),
(45, 1, '2025-12-23 13:40:00', '2025-12-23 13:45:00', '30대', 'F', 0),
(46, 2, '2025-12-23 13:45:00', '2025-12-23 13:50:00', '40대', 'M', 0),
(47, 3, '2025-12-23 13:50:00', '2025-12-23 13:52:00', '20대', 'F', 0),
(48, 4, '2025-12-23 13:52:00', '2025-12-23 13:54:00', '60대이상', 'F', 1),
(49, 5, '2025-12-23 13:54:00', '2025-12-23 13:57:00', '30대', 'M', 0),
(50, 1, '2025-12-23 13:57:00', '2025-12-23 13:59:00', '20대', 'F', 0);

-- ============================================
-- 9. 주문 (50개) - order_type 추가
-- ============================================
INSERT INTO `orders` (`order_id`, `session_id`, `store_id`, `order_no`, `order_type`, `status`, `total_amount`, `created_at`, `paid_at`, `payment_method`, `payment_status`, `pg_transaction_id`) VALUES
(1, 1, 1, 10001, 'dine-in', 1, 5500, '2025-12-23 10:01:00', '2025-12-23 10:02:00', '카드결제', 'PAID', 'PG-001'),
(2, 2, 1, 10002, 'takeout', 1, 9000, '2025-12-23 10:06:00', '2025-12-23 10:07:00', '네이버페이', 'PAID', 'PG-002'),
(3, 3, 2, 20001, 'dine-in', 1, 5500, '2025-12-23 10:11:00', '2025-12-23 10:12:00', '카카오페이', 'PAID', 'PG-003'),
(4, 4, 1, 10003, 'dine-in', 1, 9500, '2025-12-23 10:16:00', '2025-12-23 10:17:00', '삼성페이', 'PAID', 'PG-004'),
(5, 5, 2, 20002, 'takeout', 1, 11500, '2025-12-23 10:21:00', '2025-12-23 10:22:00', '애플페이', 'PAID', 'PG-005'),
(6, 6, 3, 30001, 'dine-in', 1, 9500, '2025-12-23 10:26:00', '2025-12-23 10:27:00', '기프티콘', 'PAID', 'PG-006'),
(7, 7, 1, 10004, 'takeout', 1, 5500, '2025-12-23 10:31:00', '2025-12-23 10:32:00', '카드결제', 'PAID', 'PG-007'),
(8, 8, 2, 20003, 'dine-in', 1, 12000, '2025-12-23 10:36:00', '2025-12-23 10:37:00', '네이버페이', 'PAID', 'PG-008'),
(9, 9, 3, 30002, 'dine-in', 1, 8000, '2025-12-23 10:41:00', '2025-12-23 10:42:00', '카카오페이', 'PAID', 'PG-009'),
(10, 10, 4, 40001, 'takeout', 1, 14500, '2025-12-23 10:46:00', '2025-12-23 10:47:00', '삼성페이', 'PAID', 'PG-010'),
(11, 11, 2, 20004, 'dine-in', 1, 9000, '2025-12-23 10:51:00', '2025-12-23 10:52:00', '애플페이', 'PAID', 'PG-011'),
(12, 12, 3, 30003, 'takeout', 1, 8500, '2025-12-23 10:56:00', '2025-12-23 10:57:00', '기프티콘', 'PAID', 'PG-012'),
(13, 13, 4, 40002, 'dine-in', 1, 9500, '2025-12-23 11:01:00', '2025-12-23 11:02:00', '카드결제', 'PAID', 'PG-013'),
(14, 14, 5, 50001, 'dine-in', 1, 10000, '2025-12-23 11:06:00', '2025-12-23 11:07:00', '네이버페이', 'PAID', 'PG-014'),
(15, 15, 1, 10005, 'dine-in', 1, 8000, '2025-12-23 11:11:00', '2025-12-23 11:12:00', '카카오페이', 'PAID', 'PG-015'),
(16, 16, 2, 20005, 'takeout', 1, 13700, '2025-12-23 11:16:00', '2025-12-23 11:17:00', '삼성페이', 'PAID', 'PG-016'),
(17, 17, 3, 30004, 'dine-in', 1, 5000, '2025-12-23 11:21:00', '2025-12-23 11:22:00', '애플페이', 'PAID', 'PG-017'),
(18, 18, 4, 40003, 'takeout', 1, 11500, '2025-12-23 11:26:00', '2025-12-23 11:27:00', '기프티콘', 'PAID', 'PG-018'),
(19, 19, 5, 50002, 'dine-in', 1, 4000, '2025-12-23 11:31:00', '2025-12-23 11:32:00', '카드결제', 'PAID', 'PG-019'),
(20, 20, 1, 10006, 'dine-in', 1, 16000, '2025-12-23 11:36:00', '2025-12-23 11:37:00', '네이버페이', 'PAID', 'PG-020'),
(21, 21, 2, 20006, 'takeout', 1, 11000, '2025-12-23 11:41:00', '2025-12-23 11:42:00', '카카오페이', 'PAID', 'PG-021'),
(22, 22, 3, 30005, 'dine-in', 1, 8300, '2025-12-23 11:46:00', '2025-12-23 11:47:00', '삼성페이', 'PAID', 'PG-022'),
(23, 23, 4, 40004, 'takeout', 1, 12500, '2025-12-23 11:51:00', '2025-12-23 11:52:00', '애플페이', 'PAID', 'PG-023'),
(24, 24, 5, 50003, 'dine-in', 1, 11000, '2025-12-23 11:56:00', '2025-12-23 11:57:00', '기프티콘', 'PAID', 'PG-024'),
(25, 25, 1, 10007, 'dine-in', 1, 13000, '2025-12-23 12:01:00', '2025-12-23 12:02:00', '카드결제', 'PAID', 'PG-025'),
(26, 26, 2, 20007, 'takeout', 1, 10000, '2025-12-23 12:06:00', '2025-12-23 12:07:00', '네이버페이', 'PAID', 'PG-026'),
(27, 27, 3, 30006, 'dine-in', 1, 8000, '2025-12-23 12:11:00', '2025-12-23 12:12:00', '카카오페이', 'PAID', 'PG-027'),
(28, 28, 4, 40005, 'takeout', 1, 12500, '2025-12-23 12:16:00', '2025-12-23 12:17:00', '삼성페이', 'PAID', 'PG-028'),
(29, 29, 5, 50004, 'dine-in', 1, 8700, '2025-12-23 12:21:00', '2025-12-23 12:22:00', '애플페이', 'PAID', 'PG-029'),
(30, 30, 1, 10008, 'dine-in', 1, 10500, '2025-12-23 12:26:00', '2025-12-23 12:27:00', '기프티콘', 'PAID', 'PG-030'),
(31, 31, 2, 20008, 'takeout', 1, 9000, '2025-12-23 12:31:00', '2025-12-23 12:32:00', '카드결제', 'PAID', 'PG-031'),
(32, 32, 3, 30007, 'dine-in', 1, 10500, '2025-12-23 12:36:00', '2025-12-23 12:37:00', '네이버페이', 'PAID', 'PG-032'),
(33, 33, 4, 40006, 'dine-in', 1, 9000, '2025-12-23 12:41:00', '2025-12-23 12:42:00', '카카오페이', 'PAID', 'PG-033'),
(34, 34, 5, 50005, 'takeout', 1, 8200, '2025-12-23 12:46:00', '2025-12-23 12:47:00', '삼성페이', 'PAID', 'PG-034'),
(35, 35, 1, 10009, 'dine-in', 1, 13200, '2025-12-23 12:51:00', '2025-12-23 12:52:00', '애플페이', 'PAID', 'PG-035'),
(36, 36, 2, 20009, 'takeout', 1, 5000, '2025-12-23 12:56:00', '2025-12-23 12:57:00', '기프티콘', 'PAID', 'PG-036'),
(37, 37, 3, 30008, 'dine-in', 1, 10000, '2025-12-23 13:01:00', '2025-12-23 13:02:00', '카드결제', 'PAID', 'PG-037'),
(38, 38, 4, 40007, 'takeout', 1, 9500, '2025-12-23 13:06:00', '2025-12-23 13:07:00', '네이버페이', 'PAID', 'PG-038'),
(39, 39, 5, 50006, 'dine-in', 1, 9500, '2025-12-23 13:11:00', '2025-12-23 13:12:00', '카카오페이', 'PAID', 'PG-039'),
(40, 40, 1, 10010, 'dine-in', 1, 10000, '2025-12-23 13:16:00', '2025-12-23 13:17:00', '삼성페이', 'PAID', 'PG-040'),
(41, 41, 2, 20010, 'dine-in', 1, 8000, '2025-12-23 13:21:00', '2025-12-23 13:22:00', '애플페이', 'PAID', 'PG-041'),
(42, 42, 3, 30009, 'takeout', 1, 11000, '2025-12-23 13:26:00', '2025-12-23 13:27:00', '기프티콘', 'PAID', 'PG-042'),
(43, 43, 4, 40008, 'dine-in', 1, 9500, '2025-12-23 13:31:00', '2025-12-23 13:32:00', '카드결제', 'PAID', 'PG-043'),
(44, 44, 5, 50007, 'takeout', 1, 11000, '2025-12-23 13:36:00', '2025-12-23 13:37:00', '네이버페이', 'PAID', 'PG-044'),
(45, 45, 1, 10011, 'dine-in', 1, 12500, '2025-12-23 13:41:00', '2025-12-23 13:42:00', '카카오페이', 'PAID', 'PG-045'),
(46, 46, 2, 20011, 'takeout', 1, 8500, '2025-12-23 13:46:00', '2025-12-23 13:47:00', '삼성페이', 'PAID', 'PG-046'),
(47, 47, 3, 30010, 'dine-in', 1, 9800, '2025-12-23 13:51:00', '2025-12-23 13:52:00', '애플페이', 'PAID', 'PG-047'),
(48, 48, 4, 40009, 'dine-in', 1, 8500, '2025-12-23 13:53:00', '2025-12-23 13:54:00', '기프티콘', 'PAID', 'PG-048'),
(49, 49, 5, 50008, 'takeout', 1, 12200, '2025-12-23 13:55:00', '2025-12-23 13:56:00', '카드결제', 'PAID', 'PG-049'),
(50, 50, 1, 10012, 'dine-in', 1, 10000, '2025-12-23 13:58:00', '2025-12-23 13:59:00', '네이버페이', 'PAID', 'PG-050');

-- ============================================
-- 10. 주문 아이템 (93개)
-- ============================================
INSERT INTO `order_item` (`order_item_id`, `order_id`, `menu_id`, `quantity`, `unit_price`, `line_amount`) VALUES
(1, 1, 1, 1, 4000, 5500),
(2, 2, 2, 2, 4500, 9000),
(3, 3, 26, 1, 5500, 5500),
(4, 4, 1, 1, 4000, 4000),
(5, 4, 26, 1, 5500, 5500),
(6, 5, 2, 1, 4500, 6000),
(7, 5, 27, 1, 6000, 6000),
(8, 6, 16, 1, 5000, 5000),
(9, 6, 28, 1, 4500, 4500),
(10, 7, 3, 1, 4500, 5500),
(11, 8, 4, 1, 5000, 5000),
(12, 8, 29, 1, 7000, 7000),
(13, 9, 1, 2, 4000, 8000),
(14, 10, 5, 1, 5000, 5500),
(15, 10, 19, 1, 5500, 5500),
(16, 10, 30, 1, 3500, 3500),
(17, 11, 6, 1, 5000, 5000),
(18, 11, 26, 1, 4000, 4000),
(19, 12, 7, 1, 3500, 3500),
(20, 12, 30, 1, 5000, 5000),
(21, 13, 2, 1, 4500, 4500),
(22, 13, 30, 1, 5000, 5000),
(23, 14, 8, 1, 4500, 4500),
(24, 14, 26, 1, 5500, 5500),
(25, 15, 1, 2, 4000, 8000),
(26, 16, 17, 1, 5200, 5200),
(27, 16, 16, 1, 5000, 5000),
(28, 16, 30, 1, 3500, 3500),
(29, 17, 21, 1, 5000, 5000),
(30, 18, 2, 1, 4500, 4500),
(31, 18, 29, 1, 7000, 7000),
(32, 19, 1, 1, 4000, 4000),
(33, 20, 2, 1, 4500, 4500),
(34, 20, 26, 1, 5500, 5500),
(35, 20, 27, 1, 6000, 6000),
(36, 21, 19, 1, 5500, 5500),
(37, 21, 26, 1, 5500, 5500),
(38, 22, 9, 1, 4800, 4800),
(39, 22, 30, 1, 3500, 3500),
(40, 23, 10, 1, 5500, 5500),
(41, 23, 29, 1, 7000, 7000),
(42, 24, 20, 1, 5000, 5000),
(43, 24, 27, 1, 6000, 6000),
(44, 25, 2, 1, 4500, 4500),
(45, 25, 26, 1, 5500, 5500),
(46, 25, 30, 1, 3000, 3000),
(47, 26, 1, 1, 4000, 5000),
(48, 26, 30, 1, 5000, 5000),
(49, 27, 1, 2, 4000, 8000),
(50, 28, 19, 1, 5500, 5500),
(51, 28, 29, 1, 7000, 7000),
(52, 29, 11, 1, 5200, 5200),
(53, 29, 30, 1, 3500, 3500),
(54, 30, 2, 1, 4500, 4500),
(55, 30, 27, 1, 6000, 6000),
(56, 31, 1, 2, 4000, 9000),
(57, 32, 2, 1, 4500, 4500),
(58, 32, 27, 1, 6000, 6000),
(59, 33, 4, 1, 5000, 5000),
(60, 33, 26, 1, 4000, 4000),
(61, 34, 12, 1, 5200, 5200),
(62, 34, 30, 1, 3000, 3000),
(63, 35, 16, 1, 5200, 5200),
(64, 35, 17, 1, 5000, 5000),
(65, 35, 30, 1, 3000, 3000),
(66, 36, 16, 1, 5000, 5000),
(67, 37, 2, 1, 4500, 4500),
(68, 37, 26, 1, 5500, 5500),
(69, 38, 2, 1, 4500, 4500),
(70, 38, 30, 1, 5000, 5000),
(71, 39, 20, 1, 5000, 5000),
(72, 39, 28, 1, 4500, 4500),
(73, 40, 2, 1, 4500, 4500),
(74, 40, 26, 1, 5500, 5500),
(75, 41, 1, 2, 4000, 8000),
(76, 42, 14, 1, 5000, 5000),
(77, 42, 27, 1, 6000, 6000),
(78, 43, 24, 1, 4500, 4500),
(79, 43, 30, 1, 5000, 5000),
(80, 44, 22, 1, 5500, 5500),
(81, 44, 26, 1, 5500, 5500),
(82, 45, 15, 1, 5500, 5500),
(83, 45, 29, 1, 7000, 7000),
(84, 46, 6, 1, 5000, 5000),
(85, 46, 30, 1, 3500, 3500),
(86, 47, 23, 1, 4800, 4800),
(87, 47, 30, 1, 5000, 5000),
(88, 48, 2, 1, 4500, 4500),
(89, 48, 26, 1, 4000, 4000),
(90, 49, 18, 1, 5200, 5200),
(91, 49, 29, 1, 7000, 7000),
(92, 50, 2, 1, 4500, 4500),
(93, 50, 26, 1, 5500, 5500);

-- ============================================
-- 11. 주문 옵션 (48개)
-- ============================================
INSERT INTO `order_item_option` (`order_item_option_id`, `order_item_id`, `option_item_id`, `extra_price`, `option_quantity`) VALUES
(1, 1, 2, 0, 1),
(2, 1, 38, 500, 1),
(3, 1, 100, 500, 2),
(4, 2, 3, 0, 1),
(5, 4, 1, 0, 1),
(6, 6, 4, 0, 1),
(7, 6, 101, 500, 3),
(8, 10, 5, 0, 1),
(9, 10, 102, 500, 2),
(10, 11, 8, 0, 1),
(11, 13, 2, 0, 1),
(12, 14, 10, 0, 1),
(13, 14, 103, 500, 1),
(14, 15, 24, 0, 1),
(15, 17, 11, 0, 1),
(16, 21, 3, 0, 1),
(17, 25, 2, 0, 1),
(18, 29, 27, 0, 1),
(19, 30, 4, 0, 1),
(20, 32, 2, 0, 1),
(21, 33, 3, 0, 1),
(22, 36, 24, 0, 1),
(23, 38, 14, 0, 1),
(24, 42, 25, 0, 1),
(25, 44, 3, 0, 1),
(26, 47, 2, 0, 1),
(27, 47, 100, 500, 2),
(28, 49, 1, 0, 1),
(29, 50, 24, 0, 1),
(30, 52, 15, 0, 1),
(31, 54, 4, 0, 1),
(32, 56, 2, 0, 1),
(33, 56, 100, 500, 2),
(34, 57, 3, 0, 1),
(35, 59, 8, 0, 1),
(36, 61, 18, 0, 1),
(37, 67, 3, 0, 1),
(38, 69, 4, 0, 1),
(39, 71, 25, 0, 1),
(40, 73, 4, 0, 1),
(41, 75, 1, 0, 1),
(42, 76, 22, 0, 1),
(43, 78, 33, 0, 1),
(44, 80, 30, 0, 1),
(45, 84, 11, 0, 1),
(46, 86, 31, 0, 1),
(47, 88, 4, 0, 1),
(48, 92, 3, 0, 1);

-- ============================================
-- 12. 광고 컨텐츠 (10개)
-- ============================================
INSERT INTO `ad_content` (`ad_id`, `title`, `media_type`, `media_url`, `start_date`, `end_date`, `is_active`) VALUES
(1, '아침 타임 아메리카노 1+1', 'IMAGE', '/ads/morning_americano_1plus1.png', '2025-12-01', '2025-12-31', 1),
(2, '점심 세트 20% 할인', 'IMAGE', '/ads/lunch_set_discount.png', '2025-12-01', '2025-12-31', 1),
(3, '시니어 전용 할인', 'IMAGE', '/ads/senior_discount.png', '2025-12-01', '2025-12-31', 1),
(4, '디저트 2+1 프로모션', 'IMAGE', '/ads/dessert_2plus1.png', '2025-12-01', '2025-12-15', 1),
(5, '신메뉴 출시 - 흑당라떼', 'VIDEO', '/ads/new_menu_brown_sugar.mp4', '2025-12-01', '2025-12-31', 1),
(6, '크리스마스 특별 세트', 'IMAGE', '/ads/christmas_special.png', '2025-12-10', '2025-12-25', 1),
(7, '여성 고객 베이커리 할인', 'IMAGE', '/ads/bakery_women_discount.png', '2025-12-01', '2025-12-31', 1),
(8, '브런치 메뉴 출시', 'VIDEO', '/ads/brunch_launch.mp4', '2025-12-01', '2025-12-31', 1),
(9, '학생 할인 이벤트', 'IMAGE', '/ads/student_discount.png', '2025-12-01', '2025-12-31', 1),
(10, '주말 특별 프로모션', 'IMAGE', '/ads/weekend_special.png', '2025-12-01', '2025-12-31', 1);

-- ============================================
-- 13. 광고 타겟 룰 (21개)
-- ============================================
INSERT INTO `ad_target_rule` (`rule_id`, `ad_id`, `age_group`, `gender`) VALUES
(1, 1, '20대', NULL),
(2, 1, '30대', NULL),
(3, 1, '40대', NULL),
(4, 1, '50대', NULL),
(5, 2, '30대', NULL),
(6, 2, '40대', NULL),
(7, 3, '60대이상', NULL),
(8, 4, '20대', 'F'),
(9, 4, '30대', 'F'),
(10, 5, '20대', NULL),
(11, 5, '30대', NULL),
(12, 6, '20대', NULL),
(13, 6, '30대', NULL),
(14, 6, '40대', NULL),
(15, 7, '20대', 'F'),
(16, 7, '30대', 'F'),
(17, 7, '40대', 'F'),
(18, 8, '30대', NULL),
(19, 8, '40대', NULL),
(20, 9, '20대', NULL),
(21, 10, NULL, NULL);

-- ============================================
-- 14. 광고 로그 (50개)
-- ============================================
INSERT INTO `ad_display_log` (`display_id`, `ad_id`, `displayed_at`, `duration_ms`) VALUES
(1, 9, '2025-12-23 10:01:00', 8000),
(2, 2, '2025-12-23 10:06:00', 10000),
(3, 4, '2025-12-23 10:11:00', 7500),
(4, 3, '2025-12-23 10:16:00', 12000),
(5, 5, '2025-12-23 10:21:00', 15000),
(6, 4, '2025-12-23 10:26:00', 8500),
(7, 2, '2025-12-23 10:31:00', 9000),
(8, 4, '2025-12-23 10:36:00', 7000),
(9, 3, '2025-12-23 10:41:00', 11000),
(10, 2, '2025-12-23 10:46:00', 9500),
(11, 8, '2025-12-23 10:51:00', 20000),
(12, 5, '2025-12-23 10:56:00', 12000),
(13, 4, '2025-12-23 11:01:00', 8000),
(14, 8, '2025-12-23 11:06:00', 18000),
(15, 3, '2025-12-23 11:11:00', 10000),
(16, 4, '2025-12-23 11:16:00', 7500),
(17, 5, '2025-12-23 11:21:00', 13000),
(18, 8, '2025-12-23 11:26:00', 19000),
(19, 9, '2025-12-23 11:31:00', 8000),
(20, 3, '2025-12-23 11:36:00', 11500),
(21, 4, '2025-12-23 11:41:00', 8200),
(22, 2, '2025-12-23 11:46:00', 9300),
(23, 9, '2025-12-23 11:51:00', 7800),
(24, 8, '2025-12-23 11:56:00', 17000),
(25, 8, '2025-12-23 12:01:00', 16500),
(26, 5, '2025-12-23 12:06:00', 12500),
(27, 3, '2025-12-23 12:11:00', 10500),
(28, 4, '2025-12-23 12:16:00', 8300),
(29, 2, '2025-12-23 12:21:00', 9200),
(30, 4, '2025-12-23 12:26:00', 7900),
(31, 5, '2025-12-23 12:31:00', 13500),
(32, 8, '2025-12-23 12:36:00', 18500),
(33, 9, '2025-12-23 12:41:00', 8100),
(34, 3, '2025-12-23 12:46:00', 11200),
(35, 2, '2025-12-23 12:51:00', 9400),
(36, 2, '2025-12-23 12:56:00', 9100),
(37, 5, '2025-12-23 13:01:00', 12800),
(38, 4, '2025-12-23 13:06:00', 8400),
(39, 8, '2025-12-23 13:11:00', 17500),
(40, 4, '2025-12-23 13:16:00', 7700),
(41, 3, '2025-12-23 13:21:00', 10800),
(42, 5, '2025-12-23 13:26:00', 13200),
(43, 2, '2025-12-23 13:31:00', 9600),
(44, 9, '2025-12-23 13:36:00', 8200),
(45, 4, '2025-12-23 13:41:00', 8100),
(46, 2, '2025-12-23 13:46:00', 9300),
(47, 9, '2025-12-23 13:51:00', 7900),
(48, 3, '2025-12-23 13:53:00', 11000),
(49, 5, '2025-12-23 13:55:00', 12600),
(50, 4, '2025-12-23 13:58:00', 8000);

SET FOREIGN_KEY_CHECKS = 1;

-- ============================================
-- 완료
-- ============================================